0,['Sprigatito'],['Tipo planta'],[],['284\n'],['243\n'],['227\n'],['207\n'],['207\n'],['251\n'],['190\n'],['114\n'],['101\n'],['85\n'],['85\n'],['121\n']
1,['Floragato'],['Tipo planta'],[],['326\n'],['284\n'],['247\n'],['240\n'],['247\n'],['291\n'],['232\n'],['148\n'],['117\n'],['112\n'],['117\n'],['153\n']
2,['Meowscarada'],['Tipo planta'],['Tipo siniestro'],['356\n'],['350\n'],['262\n'],['287\n'],['262\n'],['379\n'],['262\n'],['202\n'],['130\n'],['150\n'],['130\n'],['225\n']
3,['Fuecoco'],['Tipo fuego'],[],['338\n'],['207\n'],['238\n'],['247\n'],['196\n'],['188\n'],['244\n'],['85\n'],['110\n'],['117\n'],['76\n'],['69\n']
4,['Crocalor'],['Tipo fuego'],[],['366\n'],['229\n'],['280\n'],['306\n'],['236\n'],['216\n'],['272\n'],['103\n'],['144\n'],['166\n'],['108\n'],['92\n']
5,['Skeledirge'],['Tipo fuego'],['Tipo fantasma'],['412\n'],['273\n'],['328\n'],['350\n'],['273\n'],['254\n'],['318\n'],['139\n'],['184\n'],['202\n'],['139\n'],['123\n']
6,['Quaxly'],['Tipo agua'],[],['314\n'],['251\n'],['207\n'],['218\n'],['207\n'],['218\n'],['220\n'],['121\n'],['85\n'],['94\n'],['85\n'],['94\n']
7,['Quaxwell'],['Tipo agua'],[],['344\n'],['295\n'],['251\n'],['251\n'],['240\n'],['251\n'],['250\n'],['157\n'],['121\n'],['121\n'],['112\n'],['121\n']
8,['Quaquaval'],['Tipo agua'],['Tipo lucha'],['374\n'],['372\n'],['284\n'],['295\n'],['273\n'],['295\n'],['280\n'],['220\n'],['148\n'],['157\n'],['139\n'],['157\n']
9,['Lechonk'],['Tipo normal'],[],['312\n'],['207\n'],['196\n'],['185\n'],['207\n'],['185\n'],['218\n'],['85\n'],['76\n'],['67\n'],['85\n'],['67\n']
10,['Oinkologne'],['Tipo normal'],[],['424\n'],['328\n'],['273\n'],['238\n'],['284\n'],['251\n'],['330\n'],['184\n'],['139\n'],['110\n'],['148\n'],['121\n']
11,[],[],[],[],[],[],[],[],[],[],[],[],[],[],[]
12,['Tarountula'],['Tipo bicho'],[],['274\n'],['199\n'],['207\n'],['172\n'],['196\n'],['152\n'],['180\n'],['78\n'],['85\n'],['56\n'],['76\n'],['40\n']
13,['Spidops'],['Tipo bicho'],[],['324\n'],['282\n'],['311\n'],['223\n'],['298\n'],['185\n'],['230\n'],['146\n'],['170\n'],['98\n'],['159\n'],['67\n']
14,['Nymble'],['Tipo bicho'],[],['270\n'],['203\n'],['196\n'],['155\n'],['163\n'],['207\n'],['176\n'],['81\n'],['76\n'],['42\n'],['49\n'],['85\n']
15,['Lokix'],['Tipo bicho'],['Tipo siniestro'],['346\n'],['333\n'],['280\n'],['223\n'],['229\n'],['311\n'],['252\n'],['188\n'],['144\n'],['98\n'],['103\n'],['170\n']
16,['Hoppip'],['Tipo planta'],['Tipo volador'],['274\n'],['185\n'],['196\n'],['185\n'],['229\n'],['218\n'],['180\n'],['67\n'],['76\n'],['67\n'],['103\n'],['94\n']
17,['Skiploom'],['Tipo planta'],['Tipo volador'],['314\n'],['207\n'],['218\n'],['207\n'],['251\n'],['284\n'],['220\n'],['85\n'],['94\n'],['85\n'],['121\n'],['148\n']
18,['Jumpluff'],['Tipo planta'],['Tipo volador'],['354\n'],['229\n'],['262\n'],['229\n'],['295\n'],['350\n'],['260\n'],['103\n'],['130\n'],['103\n'],['157\n'],['202\n']
19,['Fletchling'],['Tipo normal'],['Tipo volador'],['294\n'],['218\n'],['203\n'],['196\n'],['192\n'],['245\n'],['200\n'],['94\n'],['81\n'],['76\n'],['72\n'],['116\n']
20,['Fletchinder'],['Tipo fuego'],['Tipo volador'],['328\n'],['269\n'],['229\n'],['232\n'],['223\n'],['293\n'],['234\n'],['135\n'],['103\n'],['105\n'],['98\n'],['155\n']
21,['Talonflame'],['Tipo fuego'],['Tipo volador'],['360\n'],['287\n'],['265\n'],['271\n'],['260\n'],['386\n'],['266\n'],['150\n'],['132\n'],['137\n'],['128\n'],['231\n']
22,['Pawmi'],['Tipo eléctrico'],[],['294\n'],['218\n'],['152\n'],['196\n'],['163\n'],['240\n'],['200\n'],['94\n'],['40\n'],['76\n'],['49\n'],['112\n']
23,['Pawmo'],['Tipo eléctrico'],['Tipo lucha'],['324\n'],['273\n'],['196\n'],['218\n'],['196\n'],['295\n'],['230\n'],['139\n'],['76\n'],['94\n'],['76\n'],['157\n']
24,['Pawmot'],['Tipo eléctrico'],['Tipo lucha'],['344\n'],['361\n'],['262\n'],['262\n'],['240\n'],['339\n'],['250\n'],['211\n'],['130\n'],['130\n'],['112\n'],['193\n']
25,['Houndour'],['Tipo siniestro'],['Tipo fuego'],['294\n'],['240\n'],['174\n'],['284\n'],['218\n'],['251\n'],['200\n'],['112\n'],['58\n'],['148\n'],['94\n'],['121\n']
26,['Houndoom'],['Tipo siniestro'],['Tipo fuego'],['354\n'],['306\n'],['218\n'],['350\n'],['284\n'],['317\n'],['260\n'],['166\n'],['94\n'],['202\n'],['148\n'],['175\n']
27,['Yungoos'],['Tipo normal'],[],['284\n'],['262\n'],['174\n'],['174\n'],['174\n'],['207\n'],['190\n'],['130\n'],['58\n'],['58\n'],['58\n'],['85\n']
28,['Gumshoos'],['Tipo normal'],[],['380\n'],['350\n'],['240\n'],['229\n'],['240\n'],['207\n'],['286\n'],['202\n'],['112\n'],['103\n'],['112\n'],['85\n']
29,['Skwovet'],['Tipo normal'],[],['344\n'],['229\n'],['229\n'],['185\n'],['185\n'],['163\n'],['250\n'],['103\n'],['103\n'],['67\n'],['67\n'],['49\n']
30,['Greedent'],['Tipo normal'],[],['444\n'],['317\n'],['317\n'],['229\n'],['273\n'],['152\n'],['350\n'],['175\n'],['175\n'],['103\n'],['139\n'],['40\n']
31,['Sunkern'],['Tipo planta'],[],['264\n'],['174\n'],['174\n'],['174\n'],['174\n'],['174\n'],['170\n'],['58\n'],['58\n'],['58\n'],['58\n'],['58\n']
32,['Sunflora'],['Tipo planta'],[],['354\n'],['273\n'],['229\n'],['339\n'],['295\n'],['174\n'],['260\n'],['139\n'],['103\n'],['193\n'],['157\n'],['58\n']
33,['Kricketot'],['Tipo bicho'],[],['278\n'],['163\n'],['199\n'],['163\n'],['199\n'],['163\n'],['184\n'],['49\n'],['78\n'],['49\n'],['78\n'],['49\n']
34,['Kricketune'],['Tipo bicho'],[],['358\n'],['295\n'],['221\n'],['229\n'],['221\n'],['251\n'],['264\n'],['157\n'],['96\n'],['103\n'],['96\n'],['121\n']
35,['Scatterbug'],['Tipo bicho'],[],['280\n'],['185\n'],['196\n'],['168\n'],['163\n'],['185\n'],['186\n'],['67\n'],['76\n'],['53\n'],['49\n'],['67\n']
36,['Spewpa'],['Tipo bicho'],[],['294\n'],['157\n'],['240\n'],['168\n'],['174\n'],['172\n'],['200\n'],['44\n'],['112\n'],['53\n'],['58\n'],['56\n']
37,['Vivillon'],['Tipo bicho'],['Tipo volador'],['364\n'],['223\n'],['218\n'],['306\n'],['218\n'],['304\n'],['270\n'],['98\n'],['94\n'],['166\n'],['94\n'],['164\n']
38,['Combee'],['Tipo bicho'],['Tipo volador'],['264\n'],['174\n'],['201\n'],['174\n'],['201\n'],['262\n'],['170\n'],['58\n'],['80\n'],['58\n'],['80\n'],['130\n']
39,['Vespiquen'],['Tipo bicho'],['Tipo volador'],['344\n'],['284\n'],['333\n'],['284\n'],['333\n'],['196\n'],['250\n'],['148\n'],['188\n'],['148\n'],['188\n'],['76\n']
40,['Rookidee'],['Tipo volador'],[],['280\n'],['212\n'],['185\n'],['181\n'],['185\n'],['234\n'],['186\n'],['89\n'],['67\n'],['63\n'],['67\n'],['107\n']
41,['Corvisquire'],['Tipo volador'],[],['340\n'],['256\n'],['229\n'],['203\n'],['229\n'],['278\n'],['246\n'],['125\n'],['103\n'],['81\n'],['103\n'],['143\n']
42,['Corviknight'],['Tipo volador'],['Tipo acero'],['400\n'],['300\n'],['339\n'],['225\n'],['295\n'],['256\n'],['306\n'],['161\n'],['193\n'],['99\n'],['157\n'],['125\n']
43,['Happiny'],['Tipo normal'],[],['404\n'],['119\n'],['119\n'],['141\n'],['251\n'],['174\n'],['310\n'],['13\n'],['13\n'],['31\n'],['121\n'],['58\n']
44,['Chansey'],['Tipo normal'],[],['704\n'],['119\n'],['119\n'],['185\n'],['339\n'],['218\n'],['610\n'],['13\n'],['13\n'],['67\n'],['193\n'],['94\n']
45,['Blissey'],['Tipo normal'],[],['714\n'],['130\n'],['130\n'],['273\n'],['405\n'],['229\n'],['620\n'],['22\n'],['22\n'],['139\n'],['247\n'],['103\n']
46,['Azurill'],['Tipo normal'],['Tipo hada'],['304\n'],['152\n'],['196\n'],['152\n'],['196\n'],['152\n'],['210\n'],['40\n'],['76\n'],['40\n'],['76\n'],['40\n']
47,['Marill'],['Tipo agua'],['Tipo hada'],['344\n'],['152\n'],['218\n'],['152\n'],['218\n'],['196\n'],['250\n'],['40\n'],['94\n'],['40\n'],['94\n'],['76\n']
48,['Azumarill'],['Tipo agua'],['Tipo hada'],['404\n'],['218\n'],['284\n'],['218\n'],['284\n'],['218\n'],['310\n'],['94\n'],['148\n'],['94\n'],['148\n'],['94\n']
49,['Surskit'],['Tipo bicho'],['Tipo agua'],['284\n'],['174\n'],['179\n'],['218\n'],['223\n'],['251\n'],['190\n'],['58\n'],['62\n'],['94\n'],['98\n'],['121\n']
50,['Masquerain'],['Tipo bicho'],['Tipo volador'],['344\n'],['240\n'],['245\n'],['284\n'],['289\n'],['240\n'],['250\n'],['112\n'],['116\n'],['148\n'],['152\n'],['112\n']
51,['Buizel'],['Tipo agua'],[],['314\n'],['251\n'],['185\n'],['240\n'],['174\n'],['295\n'],['220\n'],['121\n'],['67\n'],['112\n'],['58\n'],['157\n']
52,['Floatzel'],['Tipo agua'],[],['374\n'],['339\n'],['229\n'],['295\n'],['218\n'],['361\n'],['280\n'],['193\n'],['103\n'],['157\n'],['94\n'],['211\n']
53,['Wooper'],['Tipo veneno'],['Tipo tierra'],['314\n'],['207\n'],['207\n'],['163\n'],['163\n'],['141\n'],['220\n'],['85\n'],['85\n'],['49\n'],['49\n'],['31\n']
54,['Clodsire'],['Tipo veneno'],['Tipo tierra'],['464\n'],['273\n'],['240\n'],['207\n'],['328\n'],['152\n'],['370\n'],['139\n'],['112\n'],['85\n'],['184\n'],['40\n']
55,['Psyduck'],['Tipo agua'],[],['304\n'],['223\n'],['214\n'],['251\n'],['218\n'],['229\n'],['210\n'],['98\n'],['90\n'],['121\n'],['94\n'],['103\n']
56,['Golduck'],['Tipo agua'],[],['364\n'],['289\n'],['280\n'],['317\n'],['284\n'],['295\n'],['270\n'],['152\n'],['144\n'],['175\n'],['148\n'],['157\n']
57,['Chewtle'],['Tipo agua'],[],['304\n'],['249\n'],['218\n'],['192\n'],['192\n'],['205\n'],['210\n'],['119\n'],['94\n'],['72\n'],['72\n'],['83\n']
58,['Drednaw'],['Tipo agua'],['Tipo roca'],['384\n'],['361\n'],['306\n'],['214\n'],['258\n'],['271\n'],['290\n'],['211\n'],['166\n'],['90\n'],['126\n'],['137\n']
59,['Igglybuff'],['Tipo normal'],['Tipo hada'],['384\n'],['174\n'],['141\n'],['196\n'],['152\n'],['141\n'],['290\n'],['58\n'],['31\n'],['76\n'],['40\n'],['31\n']
60,['Jigglypuff'],['Tipo normal'],['Tipo hada'],['434\n'],['207\n'],['152\n'],['207\n'],['163\n'],['152\n'],['340\n'],['85\n'],['40\n'],['85\n'],['49\n'],['40\n']
61,['Wigglytuff'],['Tipo normal'],['Tipo hada'],['484\n'],['262\n'],['207\n'],['295\n'],['218\n'],['207\n'],['390\n'],['130\n'],['85\n'],['157\n'],['94\n'],['85\n']
62,['Ralts'],['Tipo psíquico'],['Tipo hada'],['260\n'],['163\n'],['163\n'],['207\n'],['185\n'],['196\n'],['166\n'],['49\n'],['49\n'],['85\n'],['67\n'],['76\n']
63,['Kirlia'],['Tipo psíquico'],['Tipo hada'],['280\n'],['185\n'],['185\n'],['251\n'],['229\n'],['218\n'],['186\n'],['67\n'],['67\n'],['121\n'],['103\n'],['94\n']
64,['Gardevoir'],['Tipo psíquico'],['Tipo hada'],['340\n'],['251\n'],['251\n'],['383\n'],['361\n'],['284\n'],['246\n'],['121\n'],['121\n'],['229\n'],['211\n'],['148\n']
65,['Gallade'],['Tipo psíquico'],['Tipo lucha'],['340\n'],['383\n'],['251\n'],['251\n'],['361\n'],['284\n'],['246\n'],['229\n'],['121\n'],['121\n'],['211\n'],['148\n']
66,['Drowzee'],['Tipo psíquico'],[],['324\n'],['214\n'],['207\n'],['203\n'],['306\n'],['201\n'],['230\n'],['90\n'],['85\n'],['81\n'],['166\n'],['80\n']
67,['Hypno'],['Tipo psíquico'],[],['374\n'],['269\n'],['262\n'],['269\n'],['361\n'],['256\n'],['280\n'],['135\n'],['130\n'],['135\n'],['211\n'],['125\n']
68,['Gastly'],['Tipo fantasma'],['Tipo veneno'],['264\n'],['185\n'],['174\n'],['328\n'],['185\n'],['284\n'],['170\n'],['67\n'],['58\n'],['184\n'],['67\n'],['148\n']
69,['Haunter'],['Tipo fantasma'],['Tipo veneno'],['294\n'],['218\n'],['207\n'],['361\n'],['229\n'],['317\n'],['200\n'],['94\n'],['85\n'],['211\n'],['103\n'],['175\n']
70,['Gengar'],['Tipo fantasma'],['Tipo veneno'],['324\n'],['251\n'],['240\n'],['394\n'],['273\n'],['350\n'],['230\n'],['121\n'],['112\n'],['238\n'],['139\n'],['202\n']
71,['Tandemaus'],['Tipo normal'],[],['304\n'],['218\n'],['207\n'],['196\n'],['207\n'],['273\n'],['210\n'],['94\n'],['85\n'],['76\n'],['85\n'],['139\n']
72,['Maushold'],['Tipo normal'],[],['352\n'],['273\n'],['262\n'],['251\n'],['273\n'],['353\n'],['258\n'],['139\n'],['130\n'],['121\n'],['139\n'],['204\n']
73,['Maushold'],['Tipo normal'],[],['352\n'],['273\n'],['262\n'],['251\n'],['273\n'],['353\n'],['258\n'],['139\n'],['130\n'],['121\n'],['139\n'],['204\n']
74,['Pichu'],['Tipo eléctrico'],[],['244\n'],['196\n'],['141\n'],['185\n'],['185\n'],['240\n'],['150\n'],['76\n'],['31\n'],['67\n'],['67\n'],['112\n']
75,['Pikachu'],['Tipo eléctrico'],[],['274\n'],['229\n'],['196\n'],['218\n'],['218\n'],['306\n'],['180\n'],['103\n'],['76\n'],['94\n'],['94\n'],['166\n']
76,['Raichu'],['Tipo eléctrico'],[],['324\n'],['306\n'],['229\n'],['306\n'],['284\n'],['350\n'],['230\n'],['166\n'],['103\n'],['166\n'],['148\n'],['202\n']
77,['Fidough'],['Tipo hada'],[],['278\n'],['229\n'],['262\n'],['174\n'],['229\n'],['251\n'],['184\n'],['103\n'],['130\n'],['58\n'],['103\n'],['121\n']
78,['Dachsbun'],['Tipo hada'],[],['318\n'],['284\n'],['361\n'],['218\n'],['284\n'],['317\n'],['224\n'],['148\n'],['211\n'],['94\n'],['148\n'],['175\n']
79,['Slakoth'],['Tipo normal'],[],['324\n'],['240\n'],['240\n'],['185\n'],['185\n'],['174\n'],['230\n'],['112\n'],['112\n'],['67\n'],['67\n'],['58\n']
80,['Vigoroth'],['Tipo normal'],[],['364\n'],['284\n'],['284\n'],['229\n'],['229\n'],['306\n'],['270\n'],['148\n'],['148\n'],['103\n'],['103\n'],['166\n']
81,['Slaking'],['Tipo normal'],[],['504\n'],['460\n'],['328\n'],['317\n'],['251\n'],['328\n'],['410\n'],['292\n'],['184\n'],['175\n'],['121\n'],['184\n']
82,['Bounsweet'],['Tipo planta'],[],['288\n'],['174\n'],['192\n'],['174\n'],['192\n'],['179\n'],['194\n'],['58\n'],['72\n'],['58\n'],['72\n'],['62\n']
83,['Steenee'],['Tipo planta'],[],['308\n'],['196\n'],['214\n'],['196\n'],['214\n'],['245\n'],['214\n'],['76\n'],['90\n'],['76\n'],['90\n'],['116\n']
84,['Tsareena'],['Tipo planta'],[],['348\n'],['372\n'],['324\n'],['218\n'],['324\n'],['267\n'],['254\n'],['220\n'],['180\n'],['94\n'],['180\n'],['134\n']
85,['Smoliv'],['Tipo planta'],['Tipo normal'],['286\n'],['185\n'],['210\n'],['236\n'],['221\n'],['174\n'],['192\n'],['67\n'],['87\n'],['108\n'],['96\n'],['58\n']
86,['Dolliv'],['Tipo planta'],['Tipo normal'],['308\n'],['225\n'],['240\n'],['280\n'],['280\n'],['181\n'],['214\n'],['99\n'],['112\n'],['144\n'],['144\n'],['63\n']
87,['Arboliva'],['Tipo planta'],['Tipo normal'],['360\n'],['260\n'],['306\n'],['383\n'],['348\n'],['194\n'],['266\n'],['128\n'],['166\n'],['229\n'],['200\n'],['74\n']
88,['Bonsly'],['Tipo roca'],[],['304\n'],['284\n'],['317\n'],['130\n'],['207\n'],['130\n'],['210\n'],['148\n'],['175\n'],['22\n'],['85\n'],['22\n']
89,['Sudowoodo'],['Tipo roca'],[],['344\n'],['328\n'],['361\n'],['174\n'],['251\n'],['174\n'],['250\n'],['184\n'],['211\n'],['58\n'],['121\n'],['58\n']
90,['Rockruff'],['Tipo roca'],[],['294\n'],['251\n'],['196\n'],['174\n'],['196\n'],['240\n'],['200\n'],['121\n'],['76\n'],['58\n'],['76\n'],['112\n']
91,['Lycanroc'],['Tipo roca'],[],['354\n'],['361\n'],['251\n'],['229\n'],['251\n'],['355\n'],['260\n'],['211\n'],['121\n'],['103\n'],['121\n'],['206\n']
92,['Lycanroc'],['Tipo roca'],[],['354\n'],['361\n'],['251\n'],['229\n'],['251\n'],['355\n'],['260\n'],['211\n'],['121\n'],['103\n'],['121\n'],['206\n']
93,['Lycanroc'],['Tipo roca'],[],['354\n'],['361\n'],['251\n'],['229\n'],['251\n'],['355\n'],['260\n'],['211\n'],['121\n'],['103\n'],['121\n'],['206\n']
94,['Rolycoly'],['Tipo roca'],[],['264\n'],['196\n'],['218\n'],['196\n'],['218\n'],['174\n'],['170\n'],['76\n'],['94\n'],['76\n'],['94\n'],['58\n']
95,['Carkol'],['Tipo roca'],['Tipo fuego'],['364\n'],['240\n'],['306\n'],['240\n'],['262\n'],['218\n'],['270\n'],['112\n'],['166\n'],['112\n'],['130\n'],['94\n']
96,['Coalossal'],['Tipo roca'],['Tipo fuego'],['424\n'],['284\n'],['372\n'],['284\n'],['306\n'],['174\n'],['330\n'],['148\n'],['220\n'],['148\n'],['166\n'],['58\n']
97,['Shinx'],['Tipo eléctrico'],[],['294\n'],['251\n'],['183\n'],['196\n'],['183\n'],['207\n'],['200\n'],['121\n'],['65\n'],['76\n'],['65\n'],['85\n']
98,['Luxio'],['Tipo eléctrico'],[],['324\n'],['295\n'],['216\n'],['240\n'],['216\n'],['240\n'],['230\n'],['157\n'],['92\n'],['112\n'],['92\n'],['112\n']
99,['Luxray'],['Tipo eléctrico'],[],['364\n'],['372\n'],['282\n'],['317\n'],['282\n'],['262\n'],['270\n'],['220\n'],['146\n'],['175\n'],['146\n'],['130\n']
100,['Starly'],['Tipo normal'],['Tipo volador'],['284\n'],['229\n'],['174\n'],['174\n'],['174\n'],['240\n'],['190\n'],['103\n'],['58\n'],['58\n'],['58\n'],['112\n']
101,['Staravia'],['Tipo normal'],['Tipo volador'],['314\n'],['273\n'],['218\n'],['196\n'],['196\n'],['284\n'],['220\n'],['139\n'],['94\n'],['76\n'],['76\n'],['148\n']
102,['Staraptor'],['Tipo normal'],['Tipo volador'],['374\n'],['372\n'],['262\n'],['218\n'],['218\n'],['328\n'],['280\n'],['220\n'],['130\n'],['94\n'],['94\n'],['184\n']
103,['Oricorio'],['Tipo eléctrico'],['Tipo volador'],['354\n'],['262\n'],['262\n'],['324\n'],['262\n'],['313\n'],['260\n'],['130\n'],['130\n'],['180\n'],['130\n'],['171\n']
104,[],[],[],[],[],[],[],[],[],[],[],[],[],[],[]
105,[],[],[],[],[],[],[],[],[],[],[],[],[],[],[]
106,[],[],[],[],[],[],[],[],[],[],[],[],[],[],[]
107,['Mareep'],['Tipo eléctrico'],[],['314\n'],['196\n'],['196\n'],['251\n'],['207\n'],['185\n'],['220\n'],['76\n'],['76\n'],['121\n'],['85\n'],['67\n']
108,['Flaaffy'],['Tipo eléctrico'],[],['344\n'],['229\n'],['229\n'],['284\n'],['240\n'],['207\n'],['250\n'],['103\n'],['103\n'],['148\n'],['112\n'],['85\n']
109,['Ampharos'],['Tipo eléctrico'],[],['384\n'],['273\n'],['273\n'],['361\n'],['306\n'],['229\n'],['290\n'],['139\n'],['139\n'],['211\n'],['166\n'],['103\n']
110,['Petilil'],['Tipo planta'],[],['294\n'],['185\n'],['218\n'],['262\n'],['218\n'],['174\n'],['200\n'],['67\n'],['94\n'],['130\n'],['94\n'],['58\n']
111,['Lilligant'],['Tipo planta'],[],['344\n'],['240\n'],['273\n'],['350\n'],['273\n'],['306\n'],['250\n'],['112\n'],['139\n'],['202\n'],['139\n'],['166\n']
112,['Shroomish'],['Tipo planta'],[],['324\n'],['196\n'],['240\n'],['196\n'],['240\n'],['185\n'],['230\n'],['76\n'],['112\n'],['76\n'],['112\n'],['67\n']
113,['Breloom'],['Tipo planta'],['Tipo lucha'],['324\n'],['394\n'],['284\n'],['240\n'],['240\n'],['262\n'],['230\n'],['238\n'],['148\n'],['112\n'],['112\n'],['130\n']
114,['Applin'],['Tipo planta'],['Tipo dragón'],['284\n'],['196\n'],['284\n'],['196\n'],['196\n'],['152\n'],['190\n'],['76\n'],['148\n'],['76\n'],['76\n'],['40\n']
115,['Flapple'],['Tipo planta'],['Tipo dragón'],['344\n'],['350\n'],['284\n'],['317\n'],['240\n'],['262\n'],['250\n'],['202\n'],['148\n'],['175\n'],['112\n'],['130\n']
116,['Appletun'],['Tipo planta'],['Tipo dragón'],['424\n'],['295\n'],['284\n'],['328\n'],['284\n'],['174\n'],['330\n'],['157\n'],['148\n'],['184\n'],['148\n'],['58\n']
117,['Spoink'],['Tipo psíquico'],[],['324\n'],['163\n'],['185\n'],['262\n'],['284\n'],['240\n'],['230\n'],['49\n'],['67\n'],['130\n'],['148\n'],['112\n']
118,['Grumpig'],['Tipo psíquico'],[],['364\n'],['207\n'],['251\n'],['306\n'],['350\n'],['284\n'],['270\n'],['85\n'],['121\n'],['166\n'],['202\n'],['148\n']
119,['Squawkabilly'],['Tipo normal'],['Tipo volador'],['368\n'],['320\n'],['221\n'],['207\n'],['221\n'],['311\n'],['274\n'],['177\n'],['96\n'],['85\n'],['96\n'],['170\n']
120,['Squawkabilly'],['Tipo normal'],['Tipo volador'],['368\n'],['320\n'],['221\n'],['207\n'],['221\n'],['311\n'],['274\n'],['177\n'],['96\n'],['85\n'],['96\n'],['170\n']
121,['Squawkabilly'],['Tipo normal'],['Tipo volador'],['368\n'],['320\n'],['221\n'],['207\n'],['221\n'],['311\n'],['274\n'],['177\n'],['96\n'],['85\n'],['96\n'],['170\n']
122,['Squawkabilly'],['Tipo normal'],['Tipo volador'],['368\n'],['320\n'],['221\n'],['207\n'],['221\n'],['311\n'],['274\n'],['177\n'],['96\n'],['85\n'],['96\n'],['170\n']
123,['Misdreavus'],['Tipo fantasma'],[],['324\n'],['240\n'],['240\n'],['295\n'],['295\n'],['295\n'],['230\n'],['112\n'],['112\n'],['157\n'],['157\n'],['157\n']
124,['Mismagius'],['Tipo fantasma'],[],['324\n'],['240\n'],['240\n'],['339\n'],['339\n'],['339\n'],['230\n'],['112\n'],['112\n'],['193\n'],['193\n'],['193\n']
125,['Makuhita'],['Tipo lucha'],[],['348\n'],['240\n'],['174\n'],['152\n'],['174\n'],['163\n'],['254\n'],['112\n'],['58\n'],['40\n'],['58\n'],['49\n']
126,['Hariyama'],['Tipo lucha'],[],['492\n'],['372\n'],['240\n'],['196\n'],['240\n'],['218\n'],['398\n'],['220\n'],['112\n'],['76\n'],['112\n'],['94\n']
127,['Crabrawler'],['Tipo lucha'],[],['298\n'],['289\n'],['234\n'],['201\n'],['212\n'],['247\n'],['204\n'],['152\n'],['107\n'],['80\n'],['89\n'],['117\n']
128,['Crabominable'],['Tipo lucha'],['Tipo hielo'],['398\n'],['399\n'],['278\n'],['245\n'],['256\n'],['203\n'],['304\n'],['242\n'],['143\n'],['116\n'],['125\n'],['81\n']
129,['Salandit'],['Tipo veneno'],['Tipo fuego'],['300\n'],['205\n'],['196\n'],['265\n'],['196\n'],['278\n'],['206\n'],['83\n'],['76\n'],['132\n'],['76\n'],['143\n']
130,['Salazzle'],['Tipo veneno'],['Tipo fuego'],['340\n'],['249\n'],['240\n'],['353\n'],['240\n'],['366\n'],['246\n'],['119\n'],['112\n'],['204\n'],['112\n'],['215\n']
131,['Phanpy'],['Tipo tierra'],[],['384\n'],['240\n'],['240\n'],['196\n'],['196\n'],['196\n'],['290\n'],['112\n'],['112\n'],['76\n'],['76\n'],['76\n']
132,['Donphan'],['Tipo tierra'],[],['384\n'],['372\n'],['372\n'],['240\n'],['240\n'],['218\n'],['290\n'],['220\n'],['220\n'],['112\n'],['112\n'],['94\n']
133,['Cufant'],['Tipo acero'],[],['348\n'],['284\n'],['216\n'],['196\n'],['216\n'],['196\n'],['254\n'],['148\n'],['92\n'],['76\n'],['92\n'],['76\n']
134,['Copperajah'],['Tipo acero'],[],['448\n'],['394\n'],['260\n'],['284\n'],['260\n'],['174\n'],['354\n'],['238\n'],['128\n'],['148\n'],['128\n'],['58\n']
135,['Gible'],['Tipo dragón'],['Tipo tierra'],['320\n'],['262\n'],['207\n'],['196\n'],['207\n'],['201\n'],['226\n'],['130\n'],['85\n'],['76\n'],['85\n'],['80\n']
136,['Gabite'],['Tipo dragón'],['Tipo tierra'],['340\n'],['306\n'],['251\n'],['218\n'],['229\n'],['289\n'],['246\n'],['166\n'],['121\n'],['94\n'],['103\n'],['152\n']
137,['Garchomp'],['Tipo dragón'],['Tipo tierra'],['420\n'],['394\n'],['317\n'],['284\n'],['295\n'],['333\n'],['326\n'],['238\n'],['175\n'],['148\n'],['157\n'],['188\n']
138,['Nacli'],['Tipo roca'],[],['314\n'],['229\n'],['273\n'],['185\n'],['185\n'],['163\n'],['220\n'],['103\n'],['139\n'],['67\n'],['67\n'],['49\n']
139,['Naclstack'],['Tipo roca'],[],['324\n'],['240\n'],['328\n'],['185\n'],['251\n'],['185\n'],['230\n'],['112\n'],['184\n'],['67\n'],['121\n'],['67\n']
140,['Garganacl'],['Tipo roca'],[],['404\n'],['328\n'],['394\n'],['207\n'],['306\n'],['185\n'],['310\n'],['184\n'],['238\n'],['85\n'],['166\n'],['67\n']
141,['Wingull'],['Tipo agua'],['Tipo volador'],['284\n'],['174\n'],['174\n'],['229\n'],['174\n'],['295\n'],['190\n'],['58\n'],['58\n'],['103\n'],['58\n'],['157\n']
142,['Pelipper'],['Tipo agua'],['Tipo volador'],['324\n'],['218\n'],['328\n'],['317\n'],['262\n'],['251\n'],['230\n'],['94\n'],['184\n'],['175\n'],['130\n'],['121\n']
143,['Magikarp'],['Tipo agua'],[],['244\n'],['130\n'],['229\n'],['141\n'],['152\n'],['284\n'],['150\n'],['22\n'],['103\n'],['31\n'],['40\n'],['148\n']
144,['Gyarados'],['Tipo agua'],['Tipo volador'],['394\n'],['383\n'],['282\n'],['240\n'],['328\n'],['287\n'],['300\n'],['229\n'],['146\n'],['112\n'],['184\n'],['150\n']
145,['Arrokuda'],['Tipo agua'],[],['286\n'],['247\n'],['196\n'],['196\n'],['174\n'],['254\n'],['192\n'],['117\n'],['76\n'],['76\n'],['58\n'],['123\n']
146,['Barraskewda'],['Tipo agua'],[],['326\n'],['379\n'],['240\n'],['240\n'],['218\n'],['408\n'],['232\n'],['225\n'],['112\n'],['112\n'],['94\n'],['249\n']
147,['Basculin'],['Tipo agua'],[],['344\n'],['311\n'],['251\n'],['284\n'],['229\n'],['324\n'],['250\n'],['170\n'],['121\n'],['148\n'],['103\n'],['180\n']
148,['Basculin'],['Tipo agua'],[],['344\n'],['311\n'],['251\n'],['284\n'],['229\n'],['324\n'],['250\n'],['170\n'],['121\n'],['148\n'],['103\n'],['180\n']
149,['Gulpin'],['Tipo veneno'],[],['344\n'],['203\n'],['225\n'],['203\n'],['225\n'],['196\n'],['250\n'],['81\n'],['99\n'],['81\n'],['99\n'],['76\n']
150,['Swalot'],['Tipo veneno'],[],['404\n'],['269\n'],['291\n'],['269\n'],['291\n'],['229\n'],['310\n'],['135\n'],['153\n'],['135\n'],['153\n'],['103\n']
151,['Meowth'],['Tipo normal'],[],['284\n'],['207\n'],['185\n'],['196\n'],['196\n'],['306\n'],['190\n'],['85\n'],['67\n'],['76\n'],['76\n'],['166\n']
152,['Persian'],['Tipo normal'],[],['334\n'],['262\n'],['240\n'],['251\n'],['251\n'],['361\n'],['240\n'],['130\n'],['112\n'],['121\n'],['121\n'],['211\n']
153,['Drifloon'],['Tipo fantasma'],['Tipo volador'],['384\n'],['218\n'],['183\n'],['240\n'],['205\n'],['262\n'],['290\n'],['94\n'],['65\n'],['112\n'],['83\n'],['130\n']
154,['Drifblim'],['Tipo fantasma'],['Tipo volador'],['504\n'],['284\n'],['205\n'],['306\n'],['227\n'],['284\n'],['410\n'],['148\n'],['83\n'],['166\n'],['101\n'],['148\n']
155,['Flabébé'],['Tipo hada'],[],['292\n'],['192\n'],['194\n'],['243\n'],['282\n'],['201\n'],['198\n'],['72\n'],['74\n'],['114\n'],['146\n'],['80\n']
156,['Flabébé'],['Tipo hada'],[],['292\n'],['192\n'],['194\n'],['243\n'],['282\n'],['201\n'],['198\n'],['72\n'],['74\n'],['114\n'],['146\n'],['80\n']
157,['Flabébé'],['Tipo hada'],[],['292\n'],['192\n'],['194\n'],['243\n'],['282\n'],['201\n'],['198\n'],['72\n'],['74\n'],['114\n'],['146\n'],['80\n']
158,['Flabébé'],['Tipo hada'],[],['292\n'],['192\n'],['194\n'],['243\n'],['282\n'],['201\n'],['198\n'],['72\n'],['74\n'],['114\n'],['146\n'],['80\n']
159,['Flabébé'],['Tipo hada'],[],['292\n'],['192\n'],['194\n'],['243\n'],['282\n'],['201\n'],['198\n'],['72\n'],['74\n'],['114\n'],['146\n'],['80\n']
160,['Floette'],['Tipo hada'],[],['312\n'],['207\n'],['212\n'],['273\n'],['324\n'],['223\n'],['218\n'],['85\n'],['89\n'],['139\n'],['180\n'],['98\n']
161,['Floette'],['Tipo hada'],[],['312\n'],['207\n'],['212\n'],['273\n'],['324\n'],['223\n'],['218\n'],['85\n'],['89\n'],['139\n'],['180\n'],['98\n']
162,['Floette'],['Tipo hada'],[],['312\n'],['207\n'],['212\n'],['273\n'],['324\n'],['223\n'],['218\n'],['85\n'],['89\n'],['139\n'],['180\n'],['98\n']
163,['Floette'],['Tipo hada'],[],['312\n'],['207\n'],['212\n'],['273\n'],['324\n'],['223\n'],['218\n'],['85\n'],['89\n'],['139\n'],['180\n'],['98\n']
164,['Floette'],['Tipo hada'],[],['312\n'],['207\n'],['212\n'],['273\n'],['324\n'],['223\n'],['218\n'],['85\n'],['89\n'],['139\n'],['180\n'],['98\n']
165,['Florges'],['Tipo hada'],[],['360\n'],['251\n'],['258\n'],['355\n'],['447\n'],['273\n'],['266\n'],['121\n'],['126\n'],['206\n'],['281\n'],['139\n']
166,['Florges'],['Tipo hada'],[],['360\n'],['251\n'],['258\n'],['355\n'],['447\n'],['273\n'],['266\n'],['121\n'],['126\n'],['206\n'],['281\n'],['139\n']
167,['Florges'],['Tipo hada'],[],['360\n'],['251\n'],['258\n'],['355\n'],['447\n'],['273\n'],['266\n'],['121\n'],['126\n'],['206\n'],['281\n'],['139\n']
168,['Florges'],['Tipo hada'],[],['360\n'],['251\n'],['258\n'],['355\n'],['447\n'],['273\n'],['266\n'],['121\n'],['126\n'],['206\n'],['281\n'],['139\n']
169,['Florges'],['Tipo hada'],[],['360\n'],['251\n'],['258\n'],['355\n'],['447\n'],['273\n'],['266\n'],['121\n'],['126\n'],['206\n'],['281\n'],['139\n']
170,['Diglett'],['Tipo tierra'],[],['224\n'],['229\n'],['163\n'],['185\n'],['207\n'],['317\n'],['130\n'],['103\n'],['49\n'],['67\n'],['85\n'],['175\n']
171,['Dugtrio'],['Tipo tierra'],[],['274\n'],['328\n'],['218\n'],['218\n'],['262\n'],['372\n'],['180\n'],['184\n'],['94\n'],['94\n'],['130\n'],['220\n']
172,['Torkoal'],['Tipo fuego'],[],['344\n'],['295\n'],['416\n'],['295\n'],['262\n'],['152\n'],['250\n'],['157\n'],['256\n'],['157\n'],['130\n'],['40\n']
173,['Numel'],['Tipo fuego'],['Tipo tierra'],['324\n'],['240\n'],['196\n'],['251\n'],['207\n'],['185\n'],['230\n'],['112\n'],['76\n'],['121\n'],['85\n'],['67\n']
174,['Camerupt'],['Tipo fuego'],['Tipo tierra'],['344\n'],['328\n'],['262\n'],['339\n'],['273\n'],['196\n'],['250\n'],['184\n'],['130\n'],['193\n'],['139\n'],['76\n']
175,['Bronzor'],['Tipo acero'],['Tipo psíquico'],['318\n'],['161\n'],['298\n'],['161\n'],['298\n'],['159\n'],['224\n'],['47\n'],['159\n'],['47\n'],['159\n'],['45\n']
176,['Bronzong'],['Tipo acero'],['Tipo psíquico'],['338\n'],['304\n'],['364\n'],['282\n'],['364\n'],['181\n'],['244\n'],['164\n'],['213\n'],['146\n'],['213\n'],['63\n']
177,['Axew'],['Tipo dragón'],[],['296\n'],['300\n'],['240\n'],['174\n'],['196\n'],['234\n'],['202\n'],['161\n'],['112\n'],['58\n'],['76\n'],['107\n']
178,['Fraxure'],['Tipo dragón'],[],['336\n'],['366\n'],['262\n'],['196\n'],['218\n'],['256\n'],['242\n'],['215\n'],['130\n'],['76\n'],['94\n'],['125\n']
179,['Haxorus'],['Tipo dragón'],[],['356\n'],['432\n'],['306\n'],['240\n'],['262\n'],['322\n'],['262\n'],['269\n'],['166\n'],['112\n'],['130\n'],['179\n']
180,['Mankey'],['Tipo lucha'],[],['284\n'],['284\n'],['185\n'],['185\n'],['207\n'],['262\n'],['190\n'],['148\n'],['67\n'],['67\n'],['85\n'],['130\n']
181,['Primeape'],['Tipo lucha'],[],['334\n'],['339\n'],['240\n'],['240\n'],['262\n'],['317\n'],['240\n'],['193\n'],['112\n'],['112\n'],['130\n'],['175\n']
182,['Annihilape'],['Tipo lucha'],['Tipo fantasma'],['424\n'],['361\n'],['284\n'],['218\n'],['306\n'],['306\n'],['330\n'],['211\n'],['148\n'],['94\n'],['166\n'],['166\n']
183,['Meditite'],['Tipo lucha'],['Tipo psíquico'],['264\n'],['196\n'],['229\n'],['196\n'],['229\n'],['240\n'],['170\n'],['76\n'],['103\n'],['76\n'],['103\n'],['112\n']
184,['Medicham'],['Tipo lucha'],['Tipo psíquico'],['324\n'],['240\n'],['273\n'],['240\n'],['273\n'],['284\n'],['230\n'],['112\n'],['139\n'],['112\n'],['139\n'],['148\n']
185,['Riolu'],['Tipo lucha'],[],['284\n'],['262\n'],['196\n'],['185\n'],['196\n'],['240\n'],['190\n'],['130\n'],['76\n'],['67\n'],['76\n'],['112\n']
186,['Lucario'],['Tipo lucha'],['Tipo acero'],['344\n'],['350\n'],['262\n'],['361\n'],['262\n'],['306\n'],['250\n'],['202\n'],['130\n'],['211\n'],['130\n'],['166\n']
187,['Charcadet'],['Tipo fuego'],[],['284\n'],['218\n'],['196\n'],['218\n'],['196\n'],['185\n'],['190\n'],['94\n'],['76\n'],['94\n'],['76\n'],['67\n']
188,['Armarouge'],['Tipo fuego'],['Tipo psíquico'],['374\n'],['240\n'],['328\n'],['383\n'],['284\n'],['273\n'],['280\n'],['112\n'],['184\n'],['229\n'],['148\n'],['139\n']
189,['Ceruledge'],['Tipo fuego'],['Tipo fantasma'],['354\n'],['383\n'],['284\n'],['240\n'],['328\n'],['295\n'],['260\n'],['229\n'],['148\n'],['112\n'],['184\n'],['157\n']
190,['Barboach'],['Tipo agua'],['Tipo tierra'],['304\n'],['214\n'],['203\n'],['210\n'],['199\n'],['240\n'],['210\n'],['90\n'],['81\n'],['87\n'],['78\n'],['112\n']
191,['Whiscash'],['Tipo agua'],['Tipo tierra'],['424\n'],['280\n'],['269\n'],['276\n'],['265\n'],['240\n'],['330\n'],['144\n'],['135\n'],['141\n'],['132\n'],['112\n']
192,['Tadbulb'],['Tipo eléctrico'],[],['326\n'],['177\n'],['199\n'],['238\n'],['185\n'],['207\n'],['232\n'],['60\n'],['78\n'],['110\n'],['67\n'],['85\n']
193,['Bellibolt'],['Tipo eléctrico'],[],['422\n'],['249\n'],['309\n'],['335\n'],['291\n'],['207\n'],['328\n'],['119\n'],['168\n'],['189\n'],['153\n'],['85\n']
194,['Goomy'],['Tipo dragón'],[],['294\n'],['218\n'],['185\n'],['229\n'],['273\n'],['196\n'],['200\n'],['94\n'],['67\n'],['103\n'],['139\n'],['76\n']
195,['Sliggoo'],['Tipo dragón'],[],['340\n'],['273\n'],['225\n'],['291\n'],['357\n'],['240\n'],['246\n'],['139\n'],['99\n'],['153\n'],['207\n'],['112\n']
196,['Goodra'],['Tipo dragón'],[],['384\n'],['328\n'],['262\n'],['350\n'],['438\n'],['284\n'],['290\n'],['184\n'],['130\n'],['202\n'],['274\n'],['148\n']
197,['Croagunk'],['Tipo veneno'],['Tipo lucha'],['300\n'],['243\n'],['196\n'],['243\n'],['196\n'],['218\n'],['206\n'],['114\n'],['76\n'],['114\n'],['76\n'],['94\n']
198,['Toxicroak'],['Tipo veneno'],['Tipo lucha'],['370\n'],['342\n'],['251\n'],['298\n'],['251\n'],['295\n'],['276\n'],['195\n'],['121\n'],['159\n'],['121\n'],['157\n']
199,['Wattrel'],['Tipo eléctrico'],['Tipo volador'],['284\n'],['196\n'],['185\n'],['229\n'],['196\n'],['262\n'],['190\n'],['76\n'],['67\n'],['103\n'],['76\n'],['130\n']
200,['Kilowattrel'],['Tipo eléctrico'],['Tipo volador'],['344\n'],['262\n'],['240\n'],['339\n'],['240\n'],['383\n'],['250\n'],['130\n'],['112\n'],['193\n'],['112\n'],['229\n']
201,['Eevee'],['Tipo normal'],[],['314\n'],['229\n'],['218\n'],['207\n'],['251\n'],['229\n'],['220\n'],['103\n'],['94\n'],['85\n'],['121\n'],['103\n']
202,['Vaporeon'],['Tipo agua'],[],['464\n'],['251\n'],['240\n'],['350\n'],['317\n'],['251\n'],['370\n'],['121\n'],['112\n'],['202\n'],['175\n'],['121\n']
203,['Jolteon'],['Tipo eléctrico'],[],['334\n'],['251\n'],['240\n'],['350\n'],['317\n'],['394\n'],['240\n'],['121\n'],['112\n'],['202\n'],['175\n'],['238\n']
204,['Flareon'],['Tipo fuego'],[],['334\n'],['394\n'],['240\n'],['317\n'],['350\n'],['251\n'],['240\n'],['238\n'],['112\n'],['175\n'],['202\n'],['121\n']
205,['Espeon'],['Tipo psíquico'],[],['334\n'],['251\n'],['240\n'],['394\n'],['317\n'],['350\n'],['240\n'],['121\n'],['112\n'],['238\n'],['175\n'],['202\n']
206,['Umbreon'],['Tipo siniestro'],[],['394\n'],['251\n'],['350\n'],['240\n'],['394\n'],['251\n'],['300\n'],['121\n'],['202\n'],['112\n'],['238\n'],['121\n']
207,['Leafeon'],['Tipo planta'],[],['334\n'],['350\n'],['394\n'],['240\n'],['251\n'],['317\n'],['240\n'],['202\n'],['238\n'],['112\n'],['121\n'],['175\n']
208,['Glaceon'],['Tipo hielo'],[],['334\n'],['240\n'],['350\n'],['394\n'],['317\n'],['251\n'],['240\n'],['112\n'],['202\n'],['238\n'],['175\n'],['121\n']
209,['Sylveon'],['Tipo hada'],[],['394\n'],['251\n'],['251\n'],['350\n'],['394\n'],['240\n'],['300\n'],['121\n'],['121\n'],['202\n'],['238\n'],['112\n']
210,['Dunsparce'],['Tipo normal'],[],['404\n'],['262\n'],['262\n'],['251\n'],['251\n'],['207\n'],['310\n'],['130\n'],['130\n'],['121\n'],['121\n'],['85\n']
211,['Dudunsparce'],['Tipo normal'],[],['454\n'],['328\n'],['284\n'],['295\n'],['273\n'],['229\n'],['360\n'],['184\n'],['148\n'],['157\n'],['139\n'],['103\n']
212,['Deerling'],['Tipo normal'],['Tipo planta'],['324\n'],['240\n'],['218\n'],['196\n'],['218\n'],['273\n'],['230\n'],['112\n'],['94\n'],['76\n'],['94\n'],['139\n']
213,['Deerling'],['Tipo normal'],['Tipo planta'],['324\n'],['240\n'],['218\n'],['196\n'],['218\n'],['273\n'],['230\n'],['112\n'],['94\n'],['76\n'],['94\n'],['139\n']
214,['Deerling'],['Tipo normal'],['Tipo planta'],['324\n'],['240\n'],['218\n'],['196\n'],['218\n'],['273\n'],['230\n'],['112\n'],['94\n'],['76\n'],['94\n'],['139\n']
215,['Deerling'],['Tipo normal'],['Tipo planta'],['324\n'],['240\n'],['218\n'],['196\n'],['218\n'],['273\n'],['230\n'],['112\n'],['94\n'],['76\n'],['94\n'],['139\n']
216,['Sawsbuck'],['Tipo normal'],['Tipo planta'],['364\n'],['328\n'],['262\n'],['240\n'],['262\n'],['317\n'],['270\n'],['184\n'],['130\n'],['112\n'],['130\n'],['175\n']
217,['Sawsbuck'],['Tipo normal'],['Tipo planta'],['364\n'],['328\n'],['262\n'],['240\n'],['262\n'],['317\n'],['270\n'],['184\n'],['130\n'],['112\n'],['130\n'],['175\n']
218,['Sawsbuck'],['Tipo normal'],['Tipo planta'],['364\n'],['328\n'],['262\n'],['240\n'],['262\n'],['317\n'],['270\n'],['184\n'],['130\n'],['112\n'],['130\n'],['175\n']
219,['Sawsbuck'],['Tipo normal'],['Tipo planta'],['364\n'],['328\n'],['262\n'],['240\n'],['262\n'],['317\n'],['270\n'],['184\n'],['130\n'],['112\n'],['130\n'],['175\n']
220,['Girafarig'],['Tipo normal'],['Tipo psíquico'],['344\n'],['284\n'],['251\n'],['306\n'],['251\n'],['295\n'],['250\n'],['148\n'],['121\n'],['166\n'],['121\n'],['157\n']
221,['Farigiraf'],['Tipo normal'],['Tipo psíquico'],['444\n'],['306\n'],['262\n'],['350\n'],['262\n'],['240\n'],['350\n'],['166\n'],['130\n'],['202\n'],['130\n'],['112\n']
222,['Grimer'],['Tipo veneno'],[],['364\n'],['284\n'],['218\n'],['196\n'],['218\n'],['163\n'],['270\n'],['148\n'],['94\n'],['76\n'],['94\n'],['49\n']
223,['Muk'],['Tipo veneno'],[],['414\n'],['339\n'],['273\n'],['251\n'],['328\n'],['218\n'],['320\n'],['193\n'],['139\n'],['121\n'],['184\n'],['94\n']
224,['Maschiff'],['Tipo siniestro'],[],['324\n'],['280\n'],['240\n'],['196\n'],['221\n'],['221\n'],['230\n'],['144\n'],['112\n'],['76\n'],['96\n'],['96\n']
225,['Mabosstiff'],['Tipo siniestro'],[],['364\n'],['372\n'],['306\n'],['240\n'],['262\n'],['295\n'],['270\n'],['220\n'],['166\n'],['112\n'],['130\n'],['157\n']
226,['Toxel'],['Tipo eléctrico'],['Tipo veneno'],['284\n'],['192\n'],['185\n'],['227\n'],['185\n'],['196\n'],['190\n'],['72\n'],['67\n'],['101\n'],['67\n'],['76\n']
227,['Toxtricity'],['Tipo eléctrico'],['Tipo veneno'],['354\n'],['324\n'],['262\n'],['359\n'],['262\n'],['273\n'],['260\n'],['180\n'],['130\n'],['209\n'],['130\n'],['139\n']
228,['Toxtricity'],['Tipo eléctrico'],['Tipo veneno'],['354\n'],['324\n'],['262\n'],['359\n'],['262\n'],['273\n'],['260\n'],['180\n'],['130\n'],['209\n'],['130\n'],['139\n']
229,['Dedenne'],['Tipo eléctrico'],['Tipo hada'],['338\n'],['236\n'],['234\n'],['287\n'],['256\n'],['331\n'],['244\n'],['108\n'],['107\n'],['150\n'],['125\n'],['186\n']
230,['Pachirisu'],['Tipo eléctrico'],[],['324\n'],['207\n'],['262\n'],['207\n'],['306\n'],['317\n'],['230\n'],['85\n'],['130\n'],['85\n'],['166\n'],['175\n']
231,['Shroodle'],['Tipo veneno'],['Tipo normal'],['284\n'],['251\n'],['185\n'],['196\n'],['185\n'],['273\n'],['190\n'],['121\n'],['67\n'],['76\n'],['67\n'],['139\n']
232,['Grafaiai'],['Tipo veneno'],['Tipo normal'],['330\n'],['317\n'],['251\n'],['284\n'],['267\n'],['350\n'],['236\n'],['175\n'],['121\n'],['148\n'],['134\n'],['202\n']
233,['Stantler'],['Tipo normal'],[],['350\n'],['317\n'],['245\n'],['295\n'],['251\n'],['295\n'],['256\n'],['175\n'],['116\n'],['157\n'],['121\n'],['157\n']
234,['Foongus'],['Tipo planta'],['Tipo veneno'],['342\n'],['229\n'],['207\n'],['229\n'],['229\n'],['141\n'],['248\n'],['103\n'],['85\n'],['103\n'],['103\n'],['31\n']
235,['Amoonguss'],['Tipo planta'],['Tipo veneno'],['432\n'],['295\n'],['262\n'],['295\n'],['284\n'],['174\n'],['338\n'],['157\n'],['130\n'],['157\n'],['148\n'],['58\n']
236,['Voltorb'],['Tipo eléctrico'],[],['284\n'],['174\n'],['218\n'],['229\n'],['229\n'],['328\n'],['190\n'],['58\n'],['94\n'],['103\n'],['103\n'],['184\n']
237,['Electrode'],['Tipo eléctrico'],[],['324\n'],['218\n'],['262\n'],['284\n'],['284\n'],['438\n'],['230\n'],['94\n'],['130\n'],['148\n'],['148\n'],['274\n']
238,['Magnemite'],['Tipo eléctrico'],['Tipo acero'],['254\n'],['185\n'],['262\n'],['317\n'],['229\n'],['207\n'],['160\n'],['67\n'],['130\n'],['175\n'],['103\n'],['85\n']
239,['Magneton'],['Tipo eléctrico'],['Tipo acero'],['304\n'],['240\n'],['317\n'],['372\n'],['262\n'],['262\n'],['210\n'],['112\n'],['175\n'],['220\n'],['130\n'],['130\n']
240,['Magnezone'],['Tipo eléctrico'],['Tipo acero'],['344\n'],['262\n'],['361\n'],['394\n'],['306\n'],['240\n'],['250\n'],['130\n'],['211\n'],['238\n'],['166\n'],['112\n']
241,['Ditto'],['Tipo normal'],[],['300\n'],['214\n'],['214\n'],['214\n'],['214\n'],['214\n'],['206\n'],['90\n'],['90\n'],['90\n'],['90\n'],['90\n']
242,['Growlithe'],['Tipo fuego'],[],['314\n'],['262\n'],['207\n'],['262\n'],['218\n'],['240\n'],['220\n'],['130\n'],['85\n'],['130\n'],['94\n'],['112\n']
243,['Arcanine'],['Tipo fuego'],[],['384\n'],['350\n'],['284\n'],['328\n'],['284\n'],['317\n'],['290\n'],['202\n'],['148\n'],['184\n'],['148\n'],['175\n']
244,['Teddiursa'],['Tipo normal'],[],['324\n'],['284\n'],['218\n'],['218\n'],['218\n'],['196\n'],['230\n'],['148\n'],['94\n'],['94\n'],['94\n'],['76\n']
245,['Ursaring'],['Tipo normal'],[],['384\n'],['394\n'],['273\n'],['273\n'],['273\n'],['229\n'],['290\n'],['238\n'],['139\n'],['139\n'],['139\n'],['103\n']
246,['Zangoose'],['Tipo normal'],[],['350\n'],['361\n'],['240\n'],['240\n'],['240\n'],['306\n'],['256\n'],['211\n'],['112\n'],['112\n'],['112\n'],['166\n']
247,['Seviper'],['Tipo veneno'],[],['350\n'],['328\n'],['240\n'],['328\n'],['240\n'],['251\n'],['256\n'],['184\n'],['112\n'],['184\n'],['112\n'],['121\n']
248,['Swablu'],['Tipo normal'],['Tipo volador'],['294\n'],['196\n'],['240\n'],['196\n'],['273\n'],['218\n'],['200\n'],['76\n'],['112\n'],['76\n'],['139\n'],['94\n']
249,['Altaria'],['Tipo dragón'],['Tipo volador'],['354\n'],['262\n'],['306\n'],['262\n'],['339\n'],['284\n'],['260\n'],['130\n'],['166\n'],['130\n'],['193\n'],['148\n']
250,['Skiddo'],['Tipo planta'],[],['336\n'],['251\n'],['214\n'],['245\n'],['234\n'],['223\n'],['242\n'],['121\n'],['90\n'],['116\n'],['107\n'],['98\n']
251,['Gogoat'],['Tipo planta'],[],['450\n'],['328\n'],['245\n'],['322\n'],['287\n'],['258\n'],['356\n'],['184\n'],['116\n'],['179\n'],['150\n'],['126\n']
252,['Tauros'],['Tipo normal'],[],['354\n'],['328\n'],['317\n'],['196\n'],['262\n'],['350\n'],['260\n'],['184\n'],['175\n'],['76\n'],['130\n'],['202\n']
253,[],[],[],[],[],[],[],[],[],[],[],[],[],[],[]
254,[],[],[],[],[],[],[],[],[],[],[],[],[],[],[]
255,[],[],[],[],[],[],[],[],[],[],[],[],[],[],[]
256,['Litleo'],['Tipo fuego'],['Tipo normal'],['328\n'],['218\n'],['236\n'],['269\n'],['227\n'],['267\n'],['234\n'],['94\n'],['108\n'],['135\n'],['101\n'],['134\n']
257,['Pyroar'],['Tipo fuego'],['Tipo normal'],['376\n'],['258\n'],['267\n'],['348\n'],['254\n'],['342\n'],['282\n'],['126\n'],['134\n'],['200\n'],['123\n'],['195\n']
258,['Stunky'],['Tipo veneno'],['Tipo siniestro'],['330\n'],['247\n'],['212\n'],['199\n'],['199\n'],['271\n'],['236\n'],['117\n'],['89\n'],['78\n'],['78\n'],['137\n']
259,['Skuntank'],['Tipo veneno'],['Tipo siniestro'],['410\n'],['313\n'],['256\n'],['265\n'],['243\n'],['293\n'],['316\n'],['171\n'],['125\n'],['132\n'],['114\n'],['155\n']
260,['Zorua'],['Tipo siniestro'],[],['284\n'],['251\n'],['196\n'],['284\n'],['196\n'],['251\n'],['190\n'],['121\n'],['76\n'],['148\n'],['76\n'],['121\n']
261,['Zoroark'],['Tipo siniestro'],[],['324\n'],['339\n'],['240\n'],['372\n'],['240\n'],['339\n'],['230\n'],['193\n'],['112\n'],['220\n'],['112\n'],['193\n']
262,['Sneasel'],['Tipo siniestro'],['Tipo hielo'],['314\n'],['317\n'],['229\n'],['185\n'],['273\n'],['361\n'],['220\n'],['175\n'],['103\n'],['67\n'],['139\n'],['211\n']
263,['Weavile'],['Tipo siniestro'],['Tipo hielo'],['344\n'],['372\n'],['251\n'],['207\n'],['295\n'],['383\n'],['250\n'],['220\n'],['121\n'],['85\n'],['157\n'],['229\n']
264,['Murkrow'],['Tipo siniestro'],['Tipo volador'],['324\n'],['295\n'],['201\n'],['295\n'],['201\n'],['309\n'],['230\n'],['157\n'],['80\n'],['157\n'],['80\n'],['168\n']
265,['Honchkrow'],['Tipo siniestro'],['Tipo volador'],['404\n'],['383\n'],['223\n'],['339\n'],['223\n'],['265\n'],['310\n'],['229\n'],['98\n'],['193\n'],['98\n'],['132\n']
266,['Gothita'],['Tipo psíquico'],[],['294\n'],['174\n'],['218\n'],['229\n'],['251\n'],['207\n'],['200\n'],['58\n'],['94\n'],['103\n'],['121\n'],['85\n']
267,['Gothorita'],['Tipo psíquico'],[],['324\n'],['207\n'],['262\n'],['273\n'],['295\n'],['229\n'],['230\n'],['85\n'],['130\n'],['139\n'],['157\n'],['103\n']
268,['Gothitelle'],['Tipo psíquico'],[],['344\n'],['229\n'],['317\n'],['317\n'],['350\n'],['251\n'],['250\n'],['103\n'],['175\n'],['175\n'],['202\n'],['121\n']
269,['Sinistea'],['Tipo fantasma'],[],['284\n'],['207\n'],['207\n'],['271\n'],['227\n'],['218\n'],['190\n'],['85\n'],['85\n'],['137\n'],['101\n'],['94\n']
270,['Polteageist'],['Tipo fantasma'],[],['324\n'],['251\n'],['251\n'],['403\n'],['359\n'],['262\n'],['230\n'],['121\n'],['121\n'],['245\n'],['209\n'],['130\n']
271,['Mimikyu'],['Tipo fantasma'],['Tipo hada'],['314\n'],['306\n'],['284\n'],['218\n'],['339\n'],['320\n'],['220\n'],['166\n'],['148\n'],['94\n'],['193\n'],['177\n']
272,['Klefki'],['Tipo acero'],['Tipo hada'],['318\n'],['284\n'],['309\n'],['284\n'],['300\n'],['273\n'],['224\n'],['148\n'],['168\n'],['148\n'],['161\n'],['139\n']
273,['Indeedee'],['Tipo psíquico'],['Tipo normal'],['324\n'],['251\n'],['229\n'],['339\n'],['317\n'],['317\n'],['230\n'],['121\n'],['103\n'],['193\n'],['175\n'],['175\n']
274,['Bramblin'],['Tipo planta'],['Tipo fantasma'],['284\n'],['251\n'],['174\n'],['207\n'],['185\n'],['240\n'],['190\n'],['121\n'],['58\n'],['85\n'],['67\n'],['112\n']
275,['Brambleghast'],['Tipo planta'],['Tipo fantasma'],['314\n'],['361\n'],['262\n'],['284\n'],['262\n'],['306\n'],['220\n'],['211\n'],['130\n'],['148\n'],['130\n'],['166\n']
276,['Toedscool'],['Tipo tierra'],['Tipo planta'],['284\n'],['196\n'],['185\n'],['218\n'],['328\n'],['262\n'],['190\n'],['76\n'],['67\n'],['94\n'],['184\n'],['130\n']
277,['Toedscruel'],['Tipo tierra'],['Tipo planta'],['364\n'],['262\n'],['251\n'],['284\n'],['372\n'],['328\n'],['270\n'],['130\n'],['121\n'],['148\n'],['220\n'],['184\n']
278,['Tropius'],['Tipo planta'],['Tipo volador'],['402\n'],['258\n'],['291\n'],['267\n'],['300\n'],['221\n'],['308\n'],['126\n'],['153\n'],['134\n'],['161\n'],['96\n']
279,['Fomantis'],['Tipo planta'],[],['284\n'],['229\n'],['185\n'],['218\n'],['185\n'],['185\n'],['190\n'],['103\n'],['67\n'],['94\n'],['67\n'],['67\n']
280,['Lurantis'],['Tipo planta'],[],['344\n'],['339\n'],['306\n'],['284\n'],['306\n'],['207\n'],['250\n'],['193\n'],['166\n'],['148\n'],['166\n'],['85\n']
281,['Klawf'],['Tipo roca'],[],['344\n'],['328\n'],['361\n'],['185\n'],['229\n'],['273\n'],['250\n'],['184\n'],['211\n'],['67\n'],['103\n'],['139\n']
282,['Capsakid'],['Tipo planta'],[],['304\n'],['245\n'],['196\n'],['245\n'],['196\n'],['218\n'],['210\n'],['116\n'],['76\n'],['116\n'],['76\n'],['94\n']
283,['Scovillain'],['Tipo planta'],['Tipo fuego'],['334\n'],['346\n'],['251\n'],['346\n'],['251\n'],['273\n'],['240\n'],['198\n'],['121\n'],['198\n'],['121\n'],['139\n']
284,['Cacnea'],['Tipo planta'],[],['304\n'],['295\n'],['196\n'],['295\n'],['196\n'],['185\n'],['210\n'],['157\n'],['76\n'],['157\n'],['76\n'],['67\n']
285,['Cacturne'],['Tipo planta'],['Tipo siniestro'],['344\n'],['361\n'],['240\n'],['361\n'],['240\n'],['229\n'],['250\n'],['211\n'],['112\n'],['211\n'],['112\n'],['103\n']
286,['Rellor'],['Tipo bicho'],[],['286\n'],['218\n'],['240\n'],['177\n'],['170\n'],['174\n'],['192\n'],['94\n'],['112\n'],['60\n'],['54\n'],['58\n']
287,['Rabsca'],['Tipo bicho'],['Tipo psíquico'],['354\n'],['218\n'],['295\n'],['361\n'],['328\n'],['207\n'],['260\n'],['94\n'],['157\n'],['211\n'],['184\n'],['85\n']
288,['Venonat'],['Tipo bicho'],['Tipo veneno'],['324\n'],['229\n'],['218\n'],['196\n'],['229\n'],['207\n'],['230\n'],['103\n'],['94\n'],['76\n'],['103\n'],['85\n']
289,['Venomoth'],['Tipo bicho'],['Tipo veneno'],['344\n'],['251\n'],['240\n'],['306\n'],['273\n'],['306\n'],['250\n'],['121\n'],['112\n'],['166\n'],['139\n'],['166\n']
290,['Pineco'],['Tipo bicho'],[],['304\n'],['251\n'],['306\n'],['185\n'],['185\n'],['141\n'],['210\n'],['121\n'],['166\n'],['67\n'],['67\n'],['31\n']
291,['Forretress'],['Tipo bicho'],['Tipo acero'],['354\n'],['306\n'],['416\n'],['240\n'],['240\n'],['196\n'],['260\n'],['166\n'],['256\n'],['112\n'],['112\n'],['76\n']
292,['Scyther'],['Tipo bicho'],['Tipo volador'],['344\n'],['350\n'],['284\n'],['229\n'],['284\n'],['339\n'],['250\n'],['202\n'],['148\n'],['103\n'],['148\n'],['193\n']
293,['Scizor'],['Tipo bicho'],['Tipo acero'],['344\n'],['394\n'],['328\n'],['229\n'],['284\n'],['251\n'],['250\n'],['238\n'],['184\n'],['103\n'],['148\n'],['121\n']
294,['Heracross'],['Tipo bicho'],['Tipo lucha'],['364\n'],['383\n'],['273\n'],['196\n'],['317\n'],['295\n'],['270\n'],['229\n'],['139\n'],['76\n'],['175\n'],['157\n']
295,['Flittle'],['Tipo psíquico'],[],['264\n'],['185\n'],['174\n'],['229\n'],['174\n'],['273\n'],['170\n'],['67\n'],['58\n'],['103\n'],['58\n'],['139\n']
296,['Espathra'],['Tipo psíquico'],[],['394\n'],['240\n'],['240\n'],['331\n'],['240\n'],['339\n'],['300\n'],['112\n'],['112\n'],['186\n'],['112\n'],['193\n']
297,['Hippopotas'],['Tipo tierra'],[],['340\n'],['267\n'],['280\n'],['192\n'],['201\n'],['179\n'],['246\n'],['134\n'],['144\n'],['72\n'],['80\n'],['62\n']
298,['Hippowdon'],['Tipo tierra'],[],['420\n'],['355\n'],['368\n'],['258\n'],['267\n'],['212\n'],['326\n'],['206\n'],['216\n'],['126\n'],['134\n'],['89\n']
299,['Sandile'],['Tipo tierra'],['Tipo siniestro'],['304\n'],['267\n'],['185\n'],['185\n'],['185\n'],['251\n'],['210\n'],['134\n'],['67\n'],['67\n'],['67\n'],['121\n']
300,['Krokorok'],['Tipo tierra'],['Tipo siniestro'],['324\n'],['289\n'],['207\n'],['207\n'],['207\n'],['271\n'],['230\n'],['152\n'],['85\n'],['85\n'],['85\n'],['137\n']
301,['Krookodile'],['Tipo tierra'],['Tipo siniestro'],['394\n'],['366\n'],['284\n'],['251\n'],['262\n'],['311\n'],['300\n'],['215\n'],['148\n'],['121\n'],['130\n'],['170\n']
302,['Silicobra'],['Tipo tierra'],[],['308\n'],['234\n'],['273\n'],['185\n'],['218\n'],['210\n'],['214\n'],['107\n'],['139\n'],['67\n'],['94\n'],['87\n']
303,['Sandaconda'],['Tipo tierra'],[],['348\n'],['344\n'],['383\n'],['251\n'],['262\n'],['265\n'],['254\n'],['197\n'],['229\n'],['121\n'],['130\n'],['132\n']
304,['Mudbray'],['Tipo tierra'],[],['344\n'],['328\n'],['262\n'],['207\n'],['229\n'],['207\n'],['250\n'],['184\n'],['130\n'],['85\n'],['103\n'],['85\n']
305,['Mudsdale'],['Tipo tierra'],[],['404\n'],['383\n'],['328\n'],['229\n'],['295\n'],['185\n'],['310\n'],['229\n'],['184\n'],['103\n'],['157\n'],['67\n']
306,['Larvesta'],['Tipo bicho'],['Tipo fuego'],['314\n'],['295\n'],['229\n'],['218\n'],['229\n'],['240\n'],['220\n'],['157\n'],['103\n'],['94\n'],['103\n'],['112\n']
307,['Volcarona'],['Tipo bicho'],['Tipo fuego'],['374\n'],['240\n'],['251\n'],['405\n'],['339\n'],['328\n'],['280\n'],['112\n'],['121\n'],['247\n'],['193\n'],['184\n']
308,['Bagon'],['Tipo dragón'],[],['294\n'],['273\n'],['240\n'],['196\n'],['174\n'],['218\n'],['200\n'],['139\n'],['112\n'],['76\n'],['58\n'],['94\n']
309,['Shelgon'],['Tipo dragón'],[],['334\n'],['317\n'],['328\n'],['240\n'],['218\n'],['218\n'],['240\n'],['175\n'],['184\n'],['112\n'],['94\n'],['94\n']
310,['Salamence'],['Tipo dragón'],['Tipo volador'],['394\n'],['405\n'],['284\n'],['350\n'],['284\n'],['328\n'],['300\n'],['247\n'],['148\n'],['202\n'],['148\n'],['184\n']
311,['Tinkatink'],['Tipo hada'],['Tipo acero'],['304\n'],['207\n'],['207\n'],['185\n'],['249\n'],['236\n'],['210\n'],['85\n'],['85\n'],['67\n'],['119\n'],['108\n']
312,['Tinkatuff'],['Tipo hada'],['Tipo acero'],['334\n'],['229\n'],['229\n'],['207\n'],['289\n'],['280\n'],['240\n'],['103\n'],['103\n'],['85\n'],['152\n'],['144\n']
313,['Tinkaton'],['Tipo hada'],['Tipo acero'],['374\n'],['273\n'],['278\n'],['262\n'],['339\n'],['315\n'],['280\n'],['139\n'],['143\n'],['130\n'],['193\n'],['173\n']
314,['Hatenna'],['Tipo psíquico'],[],['288\n'],['174\n'],['207\n'],['232\n'],['225\n'],['194\n'],['194\n'],['58\n'],['85\n'],['105\n'],['99\n'],['74\n']
315,['Hattrem'],['Tipo psíquico'],[],['318\n'],['196\n'],['251\n'],['298\n'],['269\n'],['216\n'],['224\n'],['76\n'],['121\n'],['159\n'],['135\n'],['92\n']
316,['Hatterene'],['Tipo psíquico'],['Tipo hada'],['318\n'],['306\n'],['317\n'],['408\n'],['335\n'],['172\n'],['224\n'],['166\n'],['175\n'],['249\n'],['189\n'],['56\n']
317,['Impidimp'],['Tipo siniestro'],['Tipo hada'],['294\n'],['207\n'],['174\n'],['229\n'],['196\n'],['218\n'],['200\n'],['85\n'],['58\n'],['103\n'],['76\n'],['94\n']
318,['Morgrem'],['Tipo siniestro'],['Tipo hada'],['334\n'],['240\n'],['207\n'],['273\n'],['229\n'],['262\n'],['240\n'],['112\n'],['85\n'],['139\n'],['103\n'],['130\n']
319,['Grimmsnarl'],['Tipo siniestro'],['Tipo hada'],['394\n'],['372\n'],['251\n'],['317\n'],['273\n'],['240\n'],['300\n'],['220\n'],['121\n'],['175\n'],['139\n'],['112\n']
320,['Wiglett'],['Tipo agua'],[],['224\n'],['229\n'],['163\n'],['185\n'],['163\n'],['317\n'],['130\n'],['103\n'],['49\n'],['67\n'],['49\n'],['175\n']
321,['Wugtrio'],['Tipo agua'],[],['274\n'],['328\n'],['218\n'],['218\n'],['262\n'],['372\n'],['180\n'],['184\n'],['94\n'],['94\n'],['130\n'],['220\n']
322,['Bombirdier'],['Tipo volador'],['Tipo siniestro'],['344\n'],['335\n'],['295\n'],['240\n'],['295\n'],['289\n'],['250\n'],['189\n'],['157\n'],['112\n'],['157\n'],['152\n']
323,['Finizen'],['Tipo agua'],[],['344\n'],['207\n'],['196\n'],['207\n'],['196\n'],['273\n'],['250\n'],['85\n'],['76\n'],['85\n'],['76\n'],['139\n']
324,['Palafin'],['Tipo agua'],[],['404\n'],['262\n'],['267\n'],['225\n'],['245\n'],['328\n'],['310\n'],['130\n'],['134\n'],['99\n'],['116\n'],['184\n']
325,['Varoom'],['Tipo acero'],['Tipo veneno'],['294\n'],['262\n'],['247\n'],['174\n'],['207\n'],['212\n'],['200\n'],['130\n'],['117\n'],['58\n'],['85\n'],['89\n']
326,['Revavroom'],['Tipo acero'],['Tipo veneno'],['364\n'],['370\n'],['306\n'],['227\n'],['256\n'],['306\n'],['270\n'],['218\n'],['166\n'],['101\n'],['125\n'],['166\n']
327,['Cyclizar'],['Tipo dragón'],['Tipo normal'],['344\n'],['317\n'],['251\n'],['295\n'],['251\n'],['375\n'],['250\n'],['175\n'],['121\n'],['157\n'],['121\n'],['222\n']
328,['Orthworm'],['Tipo acero'],[],['344\n'],['295\n'],['427\n'],['240\n'],['229\n'],['251\n'],['250\n'],['157\n'],['265\n'],['112\n'],['103\n'],['121\n']
329,['Sableye'],['Tipo siniestro'],['Tipo fantasma'],['304\n'],['273\n'],['273\n'],['251\n'],['251\n'],['218\n'],['210\n'],['139\n'],['139\n'],['121\n'],['121\n'],['94\n']
330,['Shuppet'],['Tipo fantasma'],[],['292\n'],['273\n'],['185\n'],['247\n'],['181\n'],['207\n'],['198\n'],['139\n'],['67\n'],['117\n'],['63\n'],['85\n']
331,['Banette'],['Tipo fantasma'],[],['332\n'],['361\n'],['251\n'],['291\n'],['247\n'],['251\n'],['238\n'],['211\n'],['121\n'],['153\n'],['117\n'],['121\n']
332,['Falinks'],['Tipo lucha'],[],['334\n'],['328\n'],['328\n'],['262\n'],['240\n'],['273\n'],['240\n'],['184\n'],['184\n'],['130\n'],['112\n'],['139\n']
333,['Hawlucha'],['Tipo lucha'],['Tipo volador'],['360\n'],['311\n'],['273\n'],['271\n'],['247\n'],['368\n'],['266\n'],['170\n'],['139\n'],['137\n'],['117\n'],['216\n']
334,['Spiritomb'],['Tipo fantasma'],['Tipo siniestro'],['304\n'],['311\n'],['346\n'],['311\n'],['346\n'],['185\n'],['210\n'],['170\n'],['198\n'],['170\n'],['198\n'],['67\n']
335,['Noibat'],['Tipo volador'],['Tipo dragón'],['284\n'],['174\n'],['185\n'],['207\n'],['196\n'],['229\n'],['190\n'],['58\n'],['67\n'],['85\n'],['76\n'],['103\n']
336,['Noivern'],['Tipo volador'],['Tipo dragón'],['374\n'],['262\n'],['284\n'],['322\n'],['284\n'],['379\n'],['280\n'],['130\n'],['148\n'],['179\n'],['148\n'],['225\n']
337,['Dreepy'],['Tipo dragón'],['Tipo fantasma'],['260\n'],['240\n'],['174\n'],['196\n'],['174\n'],['289\n'],['166\n'],['112\n'],['58\n'],['76\n'],['58\n'],['152\n']
338,['Drakloak'],['Tipo dragón'],['Tipo fantasma'],['340\n'],['284\n'],['218\n'],['240\n'],['218\n'],['333\n'],['246\n'],['148\n'],['94\n'],['112\n'],['94\n'],['188\n']
339,['Dragapult'],['Tipo dragón'],['Tipo fantasma'],['380\n'],['372\n'],['273\n'],['328\n'],['273\n'],['421\n'],['286\n'],['220\n'],['139\n'],['184\n'],['139\n'],['260\n']
340,['Glimmet'],['Tipo roca'],['Tipo veneno'],['300\n'],['185\n'],['201\n'],['339\n'],['240\n'],['240\n'],['206\n'],['67\n'],['80\n'],['193\n'],['112\n'],['112\n']
341,['Glimmora'],['Tipo roca'],['Tipo veneno'],['370\n'],['229\n'],['306\n'],['394\n'],['287\n'],['298\n'],['276\n'],['103\n'],['166\n'],['238\n'],['150\n'],['159\n']
342,['Rotom'],['Tipo eléctrico'],['Tipo fantasma'],['304\n'],['218\n'],['278\n'],['317\n'],['278\n'],['309\n'],['210\n'],['94\n'],['143\n'],['175\n'],['143\n'],['168\n']
343,[],[],[],[],[],[],[],[],[],[],[],[],[],[],[]
344,[],[],[],[],[],[],[],[],[],[],[],[],[],[],[]
345,[],[],[],[],[],[],[],[],[],[],[],[],[],[],[]
346,[],[],[],[],[],[],[],[],[],[],[],[],[],[],[]
347,[],[],[],[],[],[],[],[],[],[],[],[],[],[],[]
348,['Greavard'],['Tipo fantasma'],[],['304\n'],['243\n'],['240\n'],['174\n'],['229\n'],['183\n'],['210\n'],['114\n'],['112\n'],['58\n'],['103\n'],['65\n']
349,['Houndstone'],['Tipo fantasma'],[],['348\n'],['331\n'],['328\n'],['218\n'],['322\n'],['258\n'],['254\n'],['186\n'],['184\n'],['94\n'],['179\n'],['126\n']
350,['Oranguru'],['Tipo normal'],['Tipo psíquico'],['384\n'],['240\n'],['284\n'],['306\n'],['350\n'],['240\n'],['290\n'],['112\n'],['148\n'],['166\n'],['202\n'],['112\n']
351,['Passimian'],['Tipo lucha'],[],['404\n'],['372\n'],['306\n'],['196\n'],['240\n'],['284\n'],['310\n'],['220\n'],['166\n'],['76\n'],['112\n'],['148\n']
352,['Komala'],['Tipo normal'],[],['334\n'],['361\n'],['251\n'],['273\n'],['317\n'],['251\n'],['240\n'],['211\n'],['121\n'],['139\n'],['175\n'],['121\n']
353,['Larvitar'],['Tipo roca'],['Tipo tierra'],['304\n'],['249\n'],['218\n'],['207\n'],['218\n'],['199\n'],['210\n'],['119\n'],['94\n'],['85\n'],['94\n'],['78\n']
354,['Pupitar'],['Tipo roca'],['Tipo tierra'],['344\n'],['293\n'],['262\n'],['251\n'],['262\n'],['221\n'],['250\n'],['155\n'],['130\n'],['121\n'],['130\n'],['96\n']
355,['Tyranitar'],['Tipo roca'],['Tipo siniestro'],['404\n'],['403\n'],['350\n'],['317\n'],['328\n'],['243\n'],['310\n'],['245\n'],['202\n'],['175\n'],['184\n'],['114\n']
356,['Stonjourner'],['Tipo roca'],[],['404\n'],['383\n'],['405\n'],['152\n'],['152\n'],['262\n'],['310\n'],['229\n'],['247\n'],['40\n'],['40\n'],['130\n']
357,['Eiscue'],['Tipo hielo'],[],['354\n'],['284\n'],['350\n'],['251\n'],['306\n'],['218\n'],['260\n'],['148\n'],['202\n'],['121\n'],['166\n'],['94\n']
358,['Pincurchin'],['Tipo eléctrico'],[],['300\n'],['331\n'],['317\n'],['309\n'],['295\n'],['141\n'],['206\n'],['186\n'],['175\n'],['168\n'],['157\n'],['31\n']
359,['Sandygast'],['Tipo fantasma'],['Tipo tierra'],['314\n'],['229\n'],['284\n'],['262\n'],['207\n'],['141\n'],['220\n'],['103\n'],['148\n'],['130\n'],['85\n'],['31\n']
360,['Palossand'],['Tipo fantasma'],['Tipo tierra'],['374\n'],['273\n'],['350\n'],['328\n'],['273\n'],['185\n'],['280\n'],['139\n'],['202\n'],['184\n'],['139\n'],['67\n']
361,['Slowpoke'],['Tipo agua'],['Tipo psíquico'],['384\n'],['251\n'],['251\n'],['196\n'],['196\n'],['141\n'],['290\n'],['121\n'],['121\n'],['76\n'],['76\n'],['31\n']
362,['Slowbro'],['Tipo agua'],['Tipo psíquico'],['394\n'],['273\n'],['350\n'],['328\n'],['284\n'],['174\n'],['300\n'],['139\n'],['202\n'],['184\n'],['148\n'],['58\n']
363,['Slowking'],['Tipo agua'],['Tipo psíquico'],['394\n'],['273\n'],['284\n'],['328\n'],['350\n'],['174\n'],['300\n'],['139\n'],['148\n'],['184\n'],['202\n'],['58\n']
364,['Shellos'],['Tipo agua'],[],['356\n'],['214\n'],['214\n'],['234\n'],['245\n'],['183\n'],['262\n'],['90\n'],['90\n'],['107\n'],['116\n'],['65\n']
365,['Shellos'],['Tipo agua'],[],['356\n'],['214\n'],['214\n'],['234\n'],['245\n'],['183\n'],['262\n'],['90\n'],['90\n'],['107\n'],['116\n'],['65\n']
366,['Gastrodon'],['Tipo agua'],['Tipo tierra'],['426\n'],['291\n'],['258\n'],['311\n'],['289\n'],['194\n'],['332\n'],['153\n'],['126\n'],['170\n'],['152\n'],['74\n']
367,['Gastrodon'],['Tipo agua'],['Tipo tierra'],['426\n'],['291\n'],['258\n'],['311\n'],['289\n'],['194\n'],['332\n'],['153\n'],['126\n'],['170\n'],['152\n'],['74\n']
368,['Shellder'],['Tipo agua'],[],['264\n'],['251\n'],['328\n'],['207\n'],['163\n'],['196\n'],['170\n'],['121\n'],['184\n'],['85\n'],['49\n'],['76\n']
369,['Cloyster'],['Tipo agua'],['Tipo hielo'],['304\n'],['317\n'],['504\n'],['295\n'],['207\n'],['262\n'],['210\n'],['175\n'],['328\n'],['157\n'],['85\n'],['130\n']
370,['Qwilfish'],['Tipo agua'],['Tipo veneno'],['334\n'],['317\n'],['295\n'],['229\n'],['229\n'],['295\n'],['240\n'],['175\n'],['157\n'],['103\n'],['103\n'],['157\n']
371,['Luvdisc'],['Tipo agua'],[],['290\n'],['174\n'],['229\n'],['196\n'],['251\n'],['322\n'],['196\n'],['58\n'],['103\n'],['76\n'],['121\n'],['179\n']
372,['Finneon'],['Tipo agua'],[],['302\n'],['216\n'],['232\n'],['216\n'],['243\n'],['254\n'],['208\n'],['92\n'],['105\n'],['92\n'],['114\n'],['123\n']
373,['Lumineon'],['Tipo agua'],[],['342\n'],['260\n'],['276\n'],['260\n'],['298\n'],['309\n'],['248\n'],['128\n'],['141\n'],['128\n'],['159\n'],['168\n']
374,['Bruxish'],['Tipo agua'],['Tipo psíquico'],['340\n'],['339\n'],['262\n'],['262\n'],['262\n'],['311\n'],['246\n'],['193\n'],['130\n'],['130\n'],['130\n'],['170\n']
375,['Alomomola'],['Tipo agua'],[],['534\n'],['273\n'],['284\n'],['196\n'],['207\n'],['251\n'],['440\n'],['139\n'],['148\n'],['76\n'],['85\n'],['121\n']
376,['Skrelp'],['Tipo veneno'],['Tipo agua'],['304\n'],['240\n'],['240\n'],['240\n'],['240\n'],['174\n'],['210\n'],['112\n'],['112\n'],['112\n'],['112\n'],['58\n']
377,['Dragalge'],['Tipo veneno'],['Tipo dragón'],['334\n'],['273\n'],['306\n'],['322\n'],['379\n'],['205\n'],['240\n'],['139\n'],['166\n'],['179\n'],['225\n'],['83\n']
378,['Clauncher'],['Tipo agua'],[],['304\n'],['225\n'],['245\n'],['236\n'],['247\n'],['205\n'],['210\n'],['99\n'],['116\n'],['108\n'],['117\n'],['83\n']
379,['Clawitzer'],['Tipo agua'],[],['346\n'],['269\n'],['302\n'],['372\n'],['304\n'],['238\n'],['252\n'],['135\n'],['162\n'],['220\n'],['164\n'],['110\n']
380,['Tynamo'],['Tipo eléctrico'],[],['274\n'],['229\n'],['196\n'],['207\n'],['196\n'],['240\n'],['180\n'],['103\n'],['76\n'],['85\n'],['76\n'],['112\n']
381,['Eelektrik'],['Tipo eléctrico'],[],['334\n'],['295\n'],['262\n'],['273\n'],['262\n'],['196\n'],['240\n'],['157\n'],['130\n'],['139\n'],['130\n'],['76\n']
382,['Eelektross'],['Tipo eléctrico'],[],['374\n'],['361\n'],['284\n'],['339\n'],['284\n'],['218\n'],['280\n'],['211\n'],['148\n'],['193\n'],['148\n'],['94\n']
383,['Mareanie'],['Tipo veneno'],['Tipo agua'],['304\n'],['225\n'],['245\n'],['203\n'],['223\n'],['207\n'],['210\n'],['99\n'],['116\n'],['81\n'],['98\n'],['85\n']
384,['Toxapex'],['Tipo veneno'],['Tipo agua'],['304\n'],['247\n'],['443\n'],['225\n'],['421\n'],['185\n'],['210\n'],['117\n'],['278\n'],['99\n'],['260\n'],['67\n']
385,['Flamigo'],['Tipo volador'],['Tipo lucha'],['368\n'],['361\n'],['271\n'],['273\n'],['249\n'],['306\n'],['274\n'],['211\n'],['137\n'],['139\n'],['119\n'],['166\n']
386,['Dratini'],['Tipo dragón'],[],['286\n'],['249\n'],['207\n'],['218\n'],['218\n'],['218\n'],['192\n'],['119\n'],['85\n'],['94\n'],['94\n'],['94\n']
387,['Dragonair'],['Tipo dragón'],[],['326\n'],['293\n'],['251\n'],['262\n'],['262\n'],['262\n'],['232\n'],['155\n'],['121\n'],['130\n'],['130\n'],['130\n']
388,['Dragonite'],['Tipo dragón'],['Tipo volador'],['386\n'],['403\n'],['317\n'],['328\n'],['328\n'],['284\n'],['292\n'],['245\n'],['175\n'],['184\n'],['184\n'],['148\n']
389,['Snom'],['Tipo hielo'],['Tipo bicho'],['264\n'],['163\n'],['185\n'],['207\n'],['174\n'],['152\n'],['170\n'],['49\n'],['67\n'],['85\n'],['58\n'],['40\n']
390,['Frosmoth'],['Tipo hielo'],['Tipo bicho'],['344\n'],['251\n'],['240\n'],['383\n'],['306\n'],['251\n'],['250\n'],['121\n'],['112\n'],['229\n'],['166\n'],['121\n']
391,['Snover'],['Tipo planta'],['Tipo hielo'],['324\n'],['245\n'],['218\n'],['245\n'],['240\n'],['196\n'],['230\n'],['116\n'],['94\n'],['116\n'],['112\n'],['76\n']
392,['Abomasnow'],['Tipo planta'],['Tipo hielo'],['384\n'],['311\n'],['273\n'],['311\n'],['295\n'],['240\n'],['290\n'],['170\n'],['139\n'],['170\n'],['157\n'],['112\n']
393,['Delibird'],['Tipo hielo'],['Tipo volador'],['294\n'],['229\n'],['207\n'],['251\n'],['207\n'],['273\n'],['200\n'],['103\n'],['85\n'],['121\n'],['85\n'],['139\n']
394,['Cubchoo'],['Tipo hielo'],[],['314\n'],['262\n'],['196\n'],['240\n'],['196\n'],['196\n'],['220\n'],['130\n'],['76\n'],['112\n'],['76\n'],['76\n']
395,['Beartic'],['Tipo hielo'],[],['394\n'],['394\n'],['284\n'],['262\n'],['284\n'],['218\n'],['300\n'],['238\n'],['148\n'],['130\n'],['148\n'],['94\n']
396,['Snorunt'],['Tipo hielo'],[],['304\n'],['218\n'],['218\n'],['218\n'],['218\n'],['218\n'],['210\n'],['94\n'],['94\n'],['94\n'],['94\n'],['94\n']
397,['Glalie'],['Tipo hielo'],[],['364\n'],['284\n'],['284\n'],['284\n'],['284\n'],['284\n'],['270\n'],['148\n'],['148\n'],['148\n'],['148\n'],['148\n']
398,['Froslass'],['Tipo hielo'],['Tipo fantasma'],['344\n'],['284\n'],['262\n'],['284\n'],['262\n'],['350\n'],['250\n'],['148\n'],['130\n'],['148\n'],['130\n'],['202\n']
399,['Cryogonal'],['Tipo hielo'],[],['364\n'],['218\n'],['218\n'],['317\n'],['405\n'],['339\n'],['270\n'],['94\n'],['94\n'],['175\n'],['247\n'],['193\n']
400,['Cetoddle'],['Tipo hielo'],[],['420\n'],['258\n'],['207\n'],['174\n'],['196\n'],['203\n'],['326\n'],['126\n'],['85\n'],['58\n'],['76\n'],['81\n']
401,['Cetitan'],['Tipo hielo'],[],['544\n'],['357\n'],['251\n'],['207\n'],['229\n'],['269\n'],['450\n'],['207\n'],['121\n'],['85\n'],['103\n'],['135\n']
402,['Bergmite'],['Tipo hielo'],[],['314\n'],['260\n'],['295\n'],['179\n'],['185\n'],['170\n'],['220\n'],['128\n'],['157\n'],['62\n'],['67\n'],['54\n']
403,['Avalugg'],['Tipo hielo'],[],['394\n'],['366\n'],['513\n'],['205\n'],['210\n'],['170\n'],['300\n'],['215\n'],['335\n'],['83\n'],['87\n'],['54\n']
404,['Rufflet'],['Tipo normal'],['Tipo volador'],['344\n'],['291\n'],['218\n'],['190\n'],['218\n'],['240\n'],['250\n'],['153\n'],['94\n'],['71\n'],['94\n'],['112\n']
405,['Braviary'],['Tipo normal'],['Tipo volador'],['404\n'],['379\n'],['273\n'],['234\n'],['273\n'],['284\n'],['310\n'],['225\n'],['139\n'],['107\n'],['139\n'],['148\n']
406,['Pawniard'],['Tipo siniestro'],['Tipo acero'],['294\n'],['295\n'],['262\n'],['196\n'],['196\n'],['240\n'],['200\n'],['157\n'],['130\n'],['76\n'],['76\n'],['112\n']
407,['Bisharp'],['Tipo siniestro'],['Tipo acero'],['334\n'],['383\n'],['328\n'],['240\n'],['262\n'],['262\n'],['240\n'],['229\n'],['184\n'],['112\n'],['130\n'],['130\n']
408,['Kingambit'],['Tipo siniestro'],['Tipo acero'],['404\n'],['405\n'],['372\n'],['240\n'],['295\n'],['218\n'],['310\n'],['247\n'],['220\n'],['112\n'],['157\n'],['94\n']
409,['Deino'],['Tipo siniestro'],['Tipo dragón'],['308\n'],['251\n'],['218\n'],['207\n'],['218\n'],['192\n'],['214\n'],['121\n'],['94\n'],['85\n'],['94\n'],['72\n']
410,['Zweilous'],['Tipo siniestro'],['Tipo dragón'],['348\n'],['295\n'],['262\n'],['251\n'],['262\n'],['236\n'],['254\n'],['157\n'],['130\n'],['121\n'],['130\n'],['108\n']
411,['Hydreigon'],['Tipo siniestro'],['Tipo dragón'],['388\n'],['339\n'],['306\n'],['383\n'],['306\n'],['324\n'],['294\n'],['193\n'],['166\n'],['229\n'],['166\n'],['180\n']
412,['Veluza'],['Tipo agua'],['Tipo psíquico'],['384\n'],['333\n'],['269\n'],['280\n'],['251\n'],['262\n'],['290\n'],['188\n'],['135\n'],['144\n'],['121\n'],['130\n']
413,['Dondozo'],['Tipo agua'],[],['504\n'],['328\n'],['361\n'],['251\n'],['251\n'],['185\n'],['410\n'],['184\n'],['211\n'],['121\n'],['121\n'],['67\n']
414,['Tatsugiri'],['Tipo dragón'],['Tipo agua'],['340\n'],['218\n'],['240\n'],['372\n'],['317\n'],['289\n'],['246\n'],['94\n'],['112\n'],['220\n'],['175\n'],['152\n']
415,['Tatsugiri'],['Tipo dragón'],['Tipo agua'],['340\n'],['218\n'],['240\n'],['372\n'],['317\n'],['289\n'],['246\n'],['94\n'],['112\n'],['220\n'],['175\n'],['152\n']
416,['Tatsugiri'],['Tipo dragón'],['Tipo agua'],['340\n'],['218\n'],['240\n'],['372\n'],['317\n'],['289\n'],['246\n'],['94\n'],['112\n'],['220\n'],['175\n'],['152\n']
417,['Colmilargo'],['Tipo tierra'],['Tipo lucha'],['434\n'],['397\n'],['397\n'],['225\n'],['225\n'],['300\n'],['340\n'],['240\n'],['240\n'],['99\n'],['99\n'],['161\n']
418,['Colagrito'],['Tipo hada'],['Tipo psíquico'],['434\n'],['251\n'],['326\n'],['251\n'],['361\n'],['353\n'],['340\n'],['121\n'],['182\n'],['121\n'],['211\n'],['204\n']
419,['Furioseta'],['Tipo planta'],['Tipo siniestro'],['426\n'],['388\n'],['326\n'],['282\n'],['326\n'],['229\n'],['332\n'],['233\n'],['182\n'],['146\n'],['182\n'],['103\n']
420,['Melenaleteo'],['Tipo fantasma'],['Tipo hada'],['314\n'],['229\n'],['229\n'],['405\n'],['405\n'],['405\n'],['220\n'],['103\n'],['103\n'],['247\n'],['247\n'],['247\n']
421,['Reptalada'],['Tipo bicho'],['Tipo lucha'],['374\n'],['405\n'],['282\n'],['295\n'],['339\n'],['287\n'],['280\n'],['247\n'],['146\n'],['157\n'],['193\n'],['150\n']
422,['Pelarena'],['Tipo eléctrico'],['Tipo tierra'],['374\n'],['287\n'],['322\n'],['375\n'],['295\n'],['331\n'],['280\n'],['150\n'],['179\n'],['222\n'],['157\n'],['186\n']
423,['Ferrodada'],['Tipo tierra'],['Tipo acero'],['384\n'],['355\n'],['372\n'],['267\n'],['262\n'],['342\n'],['290\n'],['206\n'],['220\n'],['134\n'],['130\n'],['195\n']
424,['Ferrosaco'],['Tipo hielo'],['Tipo agua'],['316\n'],['284\n'],['359\n'],['381\n'],['240\n'],['408\n'],['222\n'],['148\n'],['209\n'],['227\n'],['112\n'],['249\n']
425,['Ferropalmas'],['Tipo lucha'],['Tipo eléctrico'],['512\n'],['416\n'],['346\n'],['218\n'],['258\n'],['218\n'],['418\n'],['256\n'],['198\n'],['94\n'],['126\n'],['94\n']
426,['Ferrocuello'],['Tipo siniestro'],['Tipo volador'],['392\n'],['284\n'],['298\n'],['377\n'],['284\n'],['346\n'],['298\n'],['148\n'],['159\n'],['224\n'],['148\n'],['198\n']
427,['Ferropolilla'],['Tipo fuego'],['Tipo veneno'],['364\n'],['262\n'],['240\n'],['416\n'],['350\n'],['350\n'],['270\n'],['130\n'],['112\n'],['256\n'],['202\n'],['202\n']
428,['Ferropúas'],['Tipo roca'],['Tipo eléctrico'],['404\n'],['403\n'],['350\n'],['262\n'],['293\n'],['267\n'],['310\n'],['245\n'],['202\n'],['130\n'],['155\n'],['134\n']
429,['Frigibax'],['Tipo dragón'],['Tipo hielo'],['334\n'],['273\n'],['207\n'],['185\n'],['207\n'],['229\n'],['240\n'],['139\n'],['85\n'],['67\n'],['85\n'],['103\n']
430,['Arctibax'],['Tipo dragón'],['Tipo hielo'],['384\n'],['317\n'],['254\n'],['207\n'],['251\n'],['245\n'],['290\n'],['175\n'],['123\n'],['85\n'],['121\n'],['116\n']
431,['Baxcalibur'],['Tipo dragón'],['Tipo hielo'],['434\n'],['427\n'],['311\n'],['273\n'],['298\n'],['300\n'],['340\n'],['265\n'],['170\n'],['139\n'],['159\n'],['161\n']
432,['Gimmighoul'],['Tipo fantasma'],[],['294\n'],['174\n'],['262\n'],['273\n'],['262\n'],['130\n'],['200\n'],['58\n'],['130\n'],['139\n'],['130\n'],['22\n']
433,['Gimmighoul'],['Tipo fantasma'],[],['294\n'],['174\n'],['262\n'],['273\n'],['262\n'],['130\n'],['200\n'],['58\n'],['130\n'],['139\n'],['130\n'],['22\n']
434,['Gholdengo'],['Tipo acero'],['Tipo fantasma'],['378\n'],['240\n'],['317\n'],['401\n'],['309\n'],['293\n'],['284\n'],['112\n'],['175\n'],['243\n'],['168\n'],['155\n']
435,['Wo-Chien'],['Tipo siniestro'],['Tipo planta'],['374\n'],['295\n'],['328\n'],['317\n'],['405\n'],['262\n'],['280\n'],['157\n'],['184\n'],['175\n'],['247\n'],['130\n']
436,['Chien-Pao'],['Tipo siniestro'],['Tipo hielo'],['364\n'],['372\n'],['284\n'],['306\n'],['251\n'],['405\n'],['270\n'],['220\n'],['148\n'],['166\n'],['121\n'],['247\n']
437,['Ting-Lu'],['Tipo siniestro'],['Tipo tierra'],['514\n'],['350\n'],['383\n'],['229\n'],['284\n'],['207\n'],['420\n'],['202\n'],['229\n'],['103\n'],['148\n'],['85\n']
438,['Chi-Yu'],['Tipo siniestro'],['Tipo fuego'],['314\n'],['284\n'],['284\n'],['405\n'],['372\n'],['328\n'],['220\n'],['148\n'],['148\n'],['247\n'],['220\n'],['184\n']
439,['Bramaluna'],['Tipo dragón'],['Tipo siniestro'],['414\n'],['414\n'],['265\n'],['229\n'],['331\n'],['370\n'],['320\n'],['254\n'],['132\n'],['103\n'],['186\n'],['218\n']
440,['Ferropaladín'],['Tipo hada'],['Tipo lucha'],['352\n'],['394\n'],['306\n'],['372\n'],['240\n'],['364\n'],['258\n'],['238\n'],['166\n'],['220\n'],['112\n'],['213\n']
441,['Koraidon'],['Tipo lucha'],['Tipo dragón'],['404\n'],['405\n'],['361\n'],['295\n'],['328\n'],['405\n'],['310\n'],['247\n'],['211\n'],['157\n'],['184\n'],['247\n']
442,['Koraidon'],['Tipo lucha'],['Tipo dragón'],['404\n'],['405\n'],['361\n'],['295\n'],['328\n'],['405\n'],['310\n'],['247\n'],['211\n'],['157\n'],['184\n'],['247\n']
443,['Miraidon'],['Tipo eléctrico'],['Tipo dragón'],['404\n'],['295\n'],['328\n'],['405\n'],['361\n'],['405\n'],['310\n'],['157\n'],['184\n'],['247\n'],['211\n'],['247\n']
444,['Miraidon'],['Tipo eléctrico'],['Tipo dragón'],['404\n'],['295\n'],['328\n'],['405\n'],['361\n'],['405\n'],['310\n'],['157\n'],['184\n'],['247\n'],['211\n'],['247\n']
445,['Charmander'],['Tipo fuego'],[],['282\n'],['223\n'],['203\n'],['240\n'],['218\n'],['251\n'],['188\n'],['98\n'],['81\n'],['112\n'],['94\n'],['121\n']
446,['Charmeleon'],['Tipo fuego'],[],['320\n'],['249\n'],['236\n'],['284\n'],['251\n'],['284\n'],['226\n'],['119\n'],['108\n'],['148\n'],['121\n'],['148\n']
447,['Charizard'],['Tipo fuego'],['Tipo volador'],['360\n'],['293\n'],['280\n'],['348\n'],['295\n'],['328\n'],['266\n'],['155\n'],['144\n'],['200\n'],['157\n'],['184\n']
448,['Raichu'],['Tipo eléctrico'],['Tipo psíquico'],['324\n'],['295\n'],['218\n'],['317\n'],['295\n'],['350\n'],['230\n'],['157\n'],['94\n'],['175\n'],['157\n'],['202\n']
449,['Diglett'],['Tipo tierra'],['Tipo acero'],['224\n'],['229\n'],['174\n'],['185\n'],['207\n'],['306\n'],['130\n'],['103\n'],['58\n'],['67\n'],['85\n'],['166\n']
450,['Dugtrio'],['Tipo tierra'],['Tipo acero'],['274\n'],['328\n'],['240\n'],['218\n'],['262\n'],['350\n'],['180\n'],['184\n'],['112\n'],['94\n'],['130\n'],['202\n']
451,['Meowth'],['Tipo siniestro'],[],['284\n'],['185\n'],['185\n'],['218\n'],['196\n'],['306\n'],['190\n'],['67\n'],['67\n'],['94\n'],['76\n'],['166\n']
452,[],[],[],[],[],[],[],[],[],[],[],[],[],[],[]
453,['Persian'],['Tipo siniestro'],[],['334\n'],['240\n'],['240\n'],['273\n'],['251\n'],['361\n'],['240\n'],['112\n'],['112\n'],['139\n'],['121\n'],['211\n']
454,['Growlithe'],['Tipo fuego'],['Tipo Roca'],['324\n'],['273\n'],['207\n'],['251\n'],['218\n'],['229\n'],['230\n'],['139\n'],['85\n'],['121\n'],['94\n'],['103\n']
455,['Arcanine'],['Tipo fuego'],['Tipo roca'],['394\n'],['361\n'],['284\n'],['317\n'],['284\n'],['306\n'],['300\n'],['211\n'],['148\n'],['175\n'],['148\n'],['166\n']
456,['Slowpoke'],['Tipo psíquico'],[],['384\n'],['251\n'],['251\n'],['196\n'],['196\n'],['141\n'],['290\n'],['121\n'],['121\n'],['76\n'],['76\n'],['31\n']
457,['Slowbro'],['Tipo veneno'],['Tipo psíquico'],['394\n'],['328\n'],['317\n'],['328\n'],['262\n'],['174\n'],['300\n'],['184\n'],['175\n'],['184\n'],['130\n'],['58\n']
458,['Grimer'],['Tipo veneno'],['Tipo siniestro'],['364\n'],['284\n'],['218\n'],['196\n'],['218\n'],['163\n'],['270\n'],['148\n'],['94\n'],['76\n'],['94\n'],['49\n']
459,['Muk'],['Tipo veneno'],['Tipo siniestro'],['414\n'],['339\n'],['273\n'],['251\n'],['328\n'],['218\n'],['320\n'],['193\n'],['139\n'],['121\n'],['184\n'],['94\n']
460,['Voltorb'],['Tipo eléctrico'],['Tipo Planta'],['284\n'],['174\n'],['218\n'],['229\n'],['229\n'],['328\n'],['190\n'],['58\n'],['94\n'],['103\n'],['103\n'],['184\n']
461,['Electrode'],['Tipo eléctrico'],['Tipo planta'],['324\n'],['218\n'],['262\n'],['284\n'],['284\n'],['438\n'],['230\n'],['94\n'],['130\n'],['148\n'],['148\n'],['274\n']
462,['Articuno'],['Tipo hielo'],['Tipo volador'],['384\n'],['295\n'],['328\n'],['317\n'],['383\n'],['295\n'],['290\n'],['157\n'],['184\n'],['175\n'],['229\n'],['157\n']
463,[],[],[],[],[],[],[],[],[],[],[],[],[],[],[]
464,['Zapdos'],['Tipo eléctrico'],['Tipo volador'],['384\n'],['306\n'],['295\n'],['383\n'],['306\n'],['328\n'],['290\n'],['166\n'],['157\n'],['229\n'],['166\n'],['184\n']
465,[],[],[],[],[],[],[],[],[],[],[],[],[],[],[]
466,['Moltres'],['Tipo fuego'],['Tipo volador'],['384\n'],['328\n'],['306\n'],['383\n'],['295\n'],['306\n'],['290\n'],['184\n'],['166\n'],['229\n'],['157\n'],['166\n']
467,[],[],[],[],[],[],[],[],[],[],[],[],[],[],[]
468,['Mewtwo'],['Tipo psíquico'],[],['416\n'],['350\n'],['306\n'],['447\n'],['306\n'],['394\n'],['322\n'],['202\n'],['166\n'],['281\n'],['166\n'],['238\n']
469,['Mew'],['Tipo psíquico'],[],['404\n'],['328\n'],['328\n'],['328\n'],['328\n'],['328\n'],['310\n'],['184\n'],['184\n'],['184\n'],['184\n'],['184\n']
470,['Cyndaquil'],['Tipo fuego'],[],['282\n'],['223\n'],['203\n'],['240\n'],['218\n'],['251\n'],['188\n'],['98\n'],['81\n'],['112\n'],['94\n'],['121\n']
471,['Quilava'],['Tipo fuego'],[],['320\n'],['249\n'],['236\n'],['284\n'],['251\n'],['284\n'],['226\n'],['119\n'],['108\n'],['148\n'],['121\n'],['148\n']
472,['Typhlosion'],['Tipo fuego'],[],['360\n'],['293\n'],['280\n'],['348\n'],['295\n'],['328\n'],['266\n'],['155\n'],['144\n'],['200\n'],['157\n'],['184\n']
473,[],[],[],[],[],[],[],[],[],[],[],[],[],[],[]
474,['Wooper'],['Tipo agua'],['Tipo tierra'],['314\n'],['207\n'],['207\n'],['163\n'],['163\n'],['141\n'],['220\n'],['85\n'],['85\n'],['49\n'],['49\n'],['31\n']
475,['Quagsire'],['Tipo agua'],['Tipo tierra'],['394\n'],['295\n'],['295\n'],['251\n'],['251\n'],['185\n'],['300\n'],['157\n'],['157\n'],['121\n'],['121\n'],['67\n']
476,['Slowking'],['Tipo veneno'],['Tipo psíquico'],['394\n'],['251\n'],['284\n'],['350\n'],['350\n'],['174\n'],['300\n'],['121\n'],['148\n'],['202\n'],['202\n'],['58\n']
477,['Qwilfish'],['Tipo siniestro'],['Tipo veneno'],['334\n'],['317\n'],['295\n'],['229\n'],['229\n'],['295\n'],['240\n'],['175\n'],['157\n'],['103\n'],['103\n'],['157\n']
478,['Sneasel'],['Tipo lucha'],['Tipo veneno'],['314\n'],['317\n'],['229\n'],['185\n'],['273\n'],['361\n'],['220\n'],['175\n'],['103\n'],['67\n'],['139\n'],['211\n']
479,['Kyogre'],['Tipo agua'],[],['404\n'],['328\n'],['306\n'],['438\n'],['416\n'],['306\n'],['310\n'],['184\n'],['166\n'],['274\n'],['256\n'],['166\n']
480,['Groudon'],['Tipo tierra'],[],['404\n'],['438\n'],['416\n'],['328\n'],['306\n'],['306\n'],['310\n'],['274\n'],['256\n'],['184\n'],['166\n'],['166\n']
481,['Rayquaza'],['Tipo dragón'],['Tipo volador'],['414\n'],['438\n'],['306\n'],['438\n'],['306\n'],['317\n'],['320\n'],['274\n'],['166\n'],['274\n'],['166\n'],['175\n']
482,['Uxie'],['Tipo psíquico'],[],['354\n'],['273\n'],['394\n'],['273\n'],['394\n'],['317\n'],['260\n'],['139\n'],['238\n'],['139\n'],['238\n'],['175\n']
483,['Mesprit'],['Tipo psíquico'],[],['364\n'],['339\n'],['339\n'],['339\n'],['339\n'],['284\n'],['270\n'],['193\n'],['193\n'],['193\n'],['193\n'],['148\n']
484,['Azelf'],['Tipo psíquico'],[],['354\n'],['383\n'],['262\n'],['383\n'],['262\n'],['361\n'],['260\n'],['229\n'],['130\n'],['229\n'],['130\n'],['211\n']
485,['Dialga'],['Tipo acero'],['Tipo dragón'],['404\n'],['372\n'],['372\n'],['438\n'],['328\n'],['306\n'],['310\n'],['220\n'],['220\n'],['274\n'],['184\n'],['166\n']
486,['Palkia'],['Tipo agua'],['Tipo dragón'],['384\n'],['372\n'],['328\n'],['438\n'],['372\n'],['328\n'],['290\n'],['220\n'],['184\n'],['274\n'],['220\n'],['184\n']
487,['Heatran'],['Tipo fuego'],['Tipo acero'],['386\n'],['306\n'],['342\n'],['394\n'],['342\n'],['278\n'],['292\n'],['166\n'],['195\n'],['238\n'],['195\n'],['143\n']
488,['Giratina'],['Tipo fantasma'],['Tipo dragón'],['504\n'],['328\n'],['372\n'],['328\n'],['372\n'],['306\n'],['410\n'],['184\n'],['220\n'],['184\n'],['220\n'],['166\n']
489,['Cresselia'],['Tipo psíquico'],[],['444\n'],['262\n'],['372\n'],['273\n'],['394\n'],['295\n'],['350\n'],['130\n'],['220\n'],['139\n'],['238\n'],['157\n']
490,['Arceus'],['Tipo normal'],[],['444\n'],['372\n'],['372\n'],['372\n'],['372\n'],['372\n'],['350\n'],['220\n'],['220\n'],['220\n'],['220\n'],['220\n']
491,['Oshawott'],['Tipo agua'],[],['314\n'],['229\n'],['207\n'],['247\n'],['207\n'],['207\n'],['220\n'],['103\n'],['85\n'],['117\n'],['85\n'],['85\n']
492,['Dewott'],['Tipo agua'],[],['354\n'],['273\n'],['240\n'],['291\n'],['240\n'],['240\n'],['260\n'],['139\n'],['112\n'],['153\n'],['112\n'],['112\n']
493,['Samurott'],['Tipo agua'],[],['394\n'],['328\n'],['295\n'],['346\n'],['262\n'],['262\n'],['300\n'],['184\n'],['157\n'],['198\n'],['130\n'],['130\n']
494,[],[],[],[],[],[],[],[],[],[],[],[],[],[],[]
495,['Lilligant'],['Tipo planta'],['Tipo lucha'],['344\n'],['339\n'],['273\n'],['218\n'],['273\n'],['339\n'],['250\n'],['193\n'],['139\n'],['94\n'],['139\n'],['193\n']
496,['Basculin'],['Tipo agua'],[],['344\n'],['311\n'],['251\n'],['284\n'],['229\n'],['324\n'],['250\n'],['170\n'],['121\n'],['148\n'],['103\n'],['180\n']
497,['Zorua'],['Tipo normal'],['Tipo Fantasma'],['274\n'],['240\n'],['196\n'],['295\n'],['196\n'],['262\n'],['180\n'],['112\n'],['76\n'],['157\n'],['76\n'],['130\n']
498,['Zoroark'],['Tipo normal'],['Tipo Fantasma'],['314\n'],['328\n'],['240\n'],['383\n'],['240\n'],['350\n'],['220\n'],['184\n'],['112\n'],['229\n'],['112\n'],['202\n']
499,['Braviary'],['Tipo psíquico'],['Tipo Volador'],['424\n'],['291\n'],['262\n'],['355\n'],['262\n'],['251\n'],['330\n'],['153\n'],['130\n'],['206\n'],['130\n'],['121\n']
500,['Tornadus'],['Tipo volador'],[],['362\n'],['361\n'],['262\n'],['383\n'],['284\n'],['353\n'],['268\n'],['211\n'],['130\n'],['229\n'],['148\n'],['204\n']
501,['Thundurus'],['Tipo eléctrico'],['Tipo volador'],['362\n'],['361\n'],['262\n'],['383\n'],['284\n'],['353\n'],['268\n'],['211\n'],['130\n'],['229\n'],['148\n'],['204\n']
502,['Landorus'],['Tipo tierra'],['Tipo volador'],['382\n'],['383\n'],['306\n'],['361\n'],['284\n'],['331\n'],['288\n'],['229\n'],['166\n'],['211\n'],['148\n'],['186\n']
503,['Meloetta'],['Tipo normal'],['Tipo psíquico'],['404\n'],['278\n'],['278\n'],['390\n'],['390\n'],['306\n'],['310\n'],['143\n'],['143\n'],['234\n'],['234\n'],['166\n']
504,[],[],[],[],[],[],[],[],[],[],[],[],[],[],[]
505,['Chespin'],['Tipo planta'],[],['316\n'],['243\n'],['251\n'],['214\n'],['207\n'],['192\n'],['222\n'],['114\n'],['121\n'],['90\n'],['85\n'],['72\n']
506,['Quilladin'],['Tipo planta'],[],['326\n'],['280\n'],['317\n'],['232\n'],['236\n'],['234\n'],['232\n'],['144\n'],['175\n'],['105\n'],['108\n'],['107\n']
507,['Chesnaught'],['Tipo planta'],['Tipo lucha'],['380\n'],['344\n'],['377\n'],['271\n'],['273\n'],['249\n'],['286\n'],['197\n'],['224\n'],['137\n'],['139\n'],['119\n']
508,['Fennekin'],['Tipo fuego'],[],['284\n'],['207\n'],['196\n'],['245\n'],['240\n'],['240\n'],['190\n'],['85\n'],['76\n'],['116\n'],['112\n'],['112\n']
509,['Braixen'],['Tipo fuego'],[],['322\n'],['238\n'],['236\n'],['306\n'],['262\n'],['269\n'],['228\n'],['110\n'],['108\n'],['166\n'],['130\n'],['135\n']
510,['Delphox'],['Tipo fuego'],['Tipo psíquico'],['354\n'],['260\n'],['267\n'],['359\n'],['328\n'],['337\n'],['260\n'],['128\n'],['134\n'],['209\n'],['184\n'],['191\n']
511,['Froakie'],['Tipo agua'],[],['286\n'],['232\n'],['196\n'],['245\n'],['205\n'],['265\n'],['192\n'],['105\n'],['76\n'],['116\n'],['83\n'],['132\n']
512,['Frogadier'],['Tipo agua'],[],['312\n'],['247\n'],['223\n'],['291\n'],['232\n'],['322\n'],['218\n'],['117\n'],['98\n'],['153\n'],['105\n'],['179\n']
513,['Greninja'],['Tipo agua'],['Tipo siniestro'],['348\n'],['317\n'],['256\n'],['335\n'],['265\n'],['377\n'],['254\n'],['175\n'],['125\n'],['189\n'],['132\n'],['224\n']
514,['Carbink'],['Tipo roca'],['Tipo hada'],['304\n'],['218\n'],['438\n'],['218\n'],['438\n'],['218\n'],['210\n'],['94\n'],['274\n'],['94\n'],['274\n'],['94\n']
515,['Sliggoo'],['Tipo acero'],['Tipo dragón'],['320\n'],['273\n'],['291\n'],['291\n'],['357\n'],['196\n'],['226\n'],['139\n'],['153\n'],['153\n'],['207\n'],['76\n']
516,['Goodra'],['Tipo acero'],['Tipo dragón'],['364\n'],['328\n'],['328\n'],['350\n'],['438\n'],['240\n'],['270\n'],['184\n'],['184\n'],['202\n'],['274\n'],['112\n']
517,['Avalugg'],['Tipo hielo'],['Tipo roca'],['394\n'],['388\n'],['513\n'],['183\n'],['188\n'],['192\n'],['300\n'],['233\n'],['335\n'],['65\n'],['69\n'],['72\n']
518,['Diancie'],['Tipo roca'],['Tipo hada'],['304\n'],['328\n'],['438\n'],['328\n'],['438\n'],['218\n'],['210\n'],['184\n'],['274\n'],['184\n'],['274\n'],['94\n']
519,['Hoopa'],['Tipo psíquico'],['Tipo fantasma'],['364\n'],['350\n'],['240\n'],['438\n'],['394\n'],['262\n'],['270\n'],['202\n'],['112\n'],['274\n'],['238\n'],['130\n']
520,[],[],[],[],[],[],[],[],[],[],[],[],[],[],[]
521,['Volcanion'],['Tipo fuego'],['Tipo agua'],['364\n'],['350\n'],['372\n'],['394\n'],['306\n'],['262\n'],['270\n'],['202\n'],['220\n'],['238\n'],['166\n'],['130\n']
522,['Rowlet'],['Tipo planta'],['Tipo volador'],['340\n'],['229\n'],['229\n'],['218\n'],['218\n'],['201\n'],['246\n'],['103\n'],['103\n'],['94\n'],['94\n'],['80\n']
523,['Dartrix'],['Tipo planta'],['Tipo volador'],['360\n'],['273\n'],['273\n'],['262\n'],['262\n'],['223\n'],['266\n'],['139\n'],['139\n'],['130\n'],['130\n'],['98\n']
524,['Decidueye'],['Tipo planta'],['Tipo fantasma'],['360\n'],['344\n'],['273\n'],['328\n'],['328\n'],['262\n'],['266\n'],['197\n'],['139\n'],['184\n'],['184\n'],['130\n']
525,[],[],[],[],[],[],[],[],[],[],[],[],[],[],[]
526,['Magearna'],['Tipo acero'],['Tipo hada'],['364\n'],['317\n'],['361\n'],['394\n'],['361\n'],['251\n'],['270\n'],['175\n'],['211\n'],['238\n'],['211\n'],['121\n']
527,['Grookey'],['Tipo planta'],[],['304\n'],['251\n'],['218\n'],['196\n'],['196\n'],['251\n'],['210\n'],['121\n'],['94\n'],['76\n'],['76\n'],['121\n']
528,['Thwackey'],['Tipo planta'],[],['344\n'],['295\n'],['262\n'],['229\n'],['240\n'],['284\n'],['250\n'],['157\n'],['130\n'],['103\n'],['112\n'],['148\n']
529,['Rillaboom'],['Tipo planta'],[],['404\n'],['383\n'],['306\n'],['240\n'],['262\n'],['295\n'],['310\n'],['229\n'],['166\n'],['112\n'],['130\n'],['157\n']
530,['Scorbunny'],['Tipo fuego'],[],['304\n'],['265\n'],['196\n'],['196\n'],['196\n'],['260\n'],['210\n'],['132\n'],['76\n'],['76\n'],['76\n'],['128\n']
531,['Raboot'],['Tipo fuego'],[],['334\n'],['298\n'],['240\n'],['229\n'],['240\n'],['315\n'],['240\n'],['159\n'],['112\n'],['103\n'],['112\n'],['173\n']
532,['Cinderace'],['Tipo fuego'],[],['364\n'],['364\n'],['273\n'],['251\n'],['273\n'],['370\n'],['270\n'],['213\n'],['139\n'],['121\n'],['139\n'],['218\n']
533,['Sobble'],['Tipo agua'],[],['304\n'],['196\n'],['196\n'],['262\n'],['196\n'],['262\n'],['210\n'],['76\n'],['76\n'],['130\n'],['76\n'],['130\n']
534,['Drizzile'],['Tipo agua'],[],['334\n'],['240\n'],['229\n'],['317\n'],['229\n'],['306\n'],['240\n'],['112\n'],['103\n'],['175\n'],['103\n'],['166\n']
535,['Inteleon'],['Tipo agua'],[],['344\n'],['295\n'],['251\n'],['383\n'],['251\n'],['372\n'],['250\n'],['157\n'],['121\n'],['229\n'],['121\n'],['220\n']
536,['Perrserker'],['Tipo acero'],[],['344\n'],['350\n'],['328\n'],['218\n'],['240\n'],['218\n'],['250\n'],['202\n'],['184\n'],['94\n'],['112\n'],['94\n']
537,['Zacian'],['Tipo hada'],['Tipo hada'],['388\n'],['394\n'],['361\n'],['284\n'],['361\n'],['412\n'],['294\n'],['238\n'],['211\n'],['148\n'],['211\n'],['252\n']
538,[],[],[],[],[],[],[],[],[],[],[],[],[],[],[]
539,['Zamazenta'],['Tipo lucha'],['Tipo lucha'],['388\n'],['394\n'],['361\n'],['284\n'],['361\n'],['412\n'],['294\n'],['238\n'],['211\n'],['148\n'],['211\n'],['252\n']
540,[],[],[],[],[],[],[],[],[],[],[],[],[],[],[]
541,['Eternatus'],['Tipo veneno'],['Tipo dragón'],['484\n'],['295\n'],['317\n'],['427\n'],['317\n'],['394\n'],['390\n'],['157\n'],['175\n'],['265\n'],['175\n'],['238\n']
542,['Kubfu'],['Tipo lucha'],[],['324\n'],['306\n'],['240\n'],['225\n'],['218\n'],['267\n'],['230\n'],['166\n'],['112\n'],['99\n'],['94\n'],['134\n']
543,['Urshifu'],['Tipo lucha'],['Tipo siniestro'],['404\n'],['394\n'],['328\n'],['247\n'],['240\n'],['322\n'],['310\n'],['238\n'],['184\n'],['117\n'],['112\n'],['179\n']
544,['Zarude'],['Tipo siniestro'],['Tipo planta'],['414\n'],['372\n'],['339\n'],['262\n'],['317\n'],['339\n'],['320\n'],['220\n'],['193\n'],['130\n'],['175\n'],['193\n']
545,['Regieleki'],['Tipo eléctrico'],[],['364\n'],['328\n'],['218\n'],['328\n'],['218\n'],['548\n'],['270\n'],['184\n'],['94\n'],['184\n'],['94\n'],['364\n']
546,['Regidrago'],['Tipo dragón'],[],['604\n'],['328\n'],['218\n'],['328\n'],['218\n'],['284\n'],['510\n'],['184\n'],['94\n'],['184\n'],['94\n'],['148\n']
547,['Glastrier'],['Tipo hielo'],[],['404\n'],['427\n'],['394\n'],['251\n'],['350\n'],['174\n'],['310\n'],['265\n'],['238\n'],['121\n'],['202\n'],['58\n']
548,['Spectrier'],['Tipo fantasma'],[],['404\n'],['251\n'],['240\n'],['427\n'],['284\n'],['394\n'],['310\n'],['121\n'],['112\n'],['265\n'],['148\n'],['238\n']
549,['Calyrex'],['Tipo psíquico'],['Tipo planta'],['404\n'],['284\n'],['284\n'],['284\n'],['284\n'],['284\n'],['310\n'],['148\n'],['148\n'],['148\n'],['148\n'],['148\n']
550,[],[],[],[],[],[],[],[],[],[],[],[],[],[],[]
551,[],[],[],[],[],[],[],[],[],[],[],[],[],[],[]
552,['Wyrdeer'],['Tipo normal'],['Tipo psíquico'],['410\n'],['339\n'],['267\n'],['339\n'],['273\n'],['251\n'],['316\n'],['193\n'],['134\n'],['193\n'],['139\n'],['121\n']
553,['Kleavor'],['Tipo bicho'],['Tipo roca'],['344\n'],['405\n'],['317\n'],['207\n'],['262\n'],['295\n'],['250\n'],['247\n'],['175\n'],['85\n'],['130\n'],['157\n']
554,['Ursaluna'],['Tipo tierra'],['Tipo normal'],['464\n'],['416\n'],['339\n'],['207\n'],['284\n'],['218\n'],['370\n'],['256\n'],['193\n'],['85\n'],['148\n'],['94\n']
555,['Overqwil'],['Tipo siniestro'],['Tipo veneno'],['374\n'],['361\n'],['317\n'],['251\n'],['251\n'],['295\n'],['280\n'],['211\n'],['175\n'],['121\n'],['121\n'],['157\n']
556,['Basculin'],['Tipo agua'],[],['344\n'],['311\n'],['251\n'],['284\n'],['229\n'],['324\n'],['250\n'],['170\n'],['121\n'],['148\n'],['103\n'],['180\n']
557,['Sneasler'],['Tipo lucha'],['Tipo veneno'],['364\n'],['394\n'],['240\n'],['196\n'],['284\n'],['372\n'],['270\n'],['238\n'],['112\n'],['76\n'],['148\n'],['220\n']
558,['Overqwil'],['Tipo siniestro'],['Tipo veneno'],['374\n'],['361\n'],['317\n'],['251\n'],['251\n'],['295\n'],['280\n'],['211\n'],['175\n'],['121\n'],['121\n'],['157\n']
559,['Enamorus'],['Tipo hada'],['Tipo volador'],['352\n'],['361\n'],['262\n'],['405\n'],['284\n'],['342\n'],['258\n'],['211\n'],['130\n'],['247\n'],['148\n'],['195\n']
